skews_r_f,skews_r_fc,skews_g_f,skews_g_fc,skews_b_f,skews_b_fc,kurtosis_r_f,kurtosis_r_fc,kurtosis_g_f,kurtosis_g_fc,kurtosis_b_f,kurtosis_b_fc,mean_total_f,mean_total_fc,cancer
-1.3352006191590775,-1.167964664954857,-0.4032459470777096,-0.8159927083867343,9.226706963937968,10.323764528535182,-0.16565530007604945,-0.34399919127613066,-0.8114552063669072,-0.7239517750406481,101.17052795378099,141.05503618673566,[  3.4455599  115.68419271 197.20174479],[  3.02735677 154.29424479 187.32457031],Y
-0.7709969732430328,-0.4539090362564366,-0.6268306322299423,-0.6175252671041054,7.881934078732436,7.102303117276586,-1.2800913980162922,-1.6211844560734172,-1.212488993678844,-1.2025050581515686,70.51023975991559,60.22238277268927,[  3.9475651  143.01761719 170.90936198],[  4.71130208 142.46966146 153.88363281],Y
-1.2108943568258284,-0.6323219239021971,0.2083914813765953,-0.5948029143691868,6.893236318971401,7.529324472294026,-0.47948428109667107,-1.424200368526325,-0.9383395271748989,-1.190644069915357,50.98402393294854,66.26269728587266,[  6.3071875   89.42470052 192.1358724 ],[  4.58171875 139.79088542 163.2871875 ],Y
-1.252473461516686,-0.8057950485738298,-0.5531700104498369,-0.6770616193658772,8.729436993070868,7.637792640927331,-0.38079055831812525,-1.1335377199582835,-0.9749459457045693,-1.0176731293388008,91.29086503564051,62.0985222102383,[  3.08821615 136.20973958 194.20391927],[  5.85639323 148.6734375  173.02208333],Y
-0.6647381909473958,-0.5020060394515721,-0.42204523599228344,-0.42902089581284975,7.326318122047546,7.497643350136254,-1.3946293699415289,-1.5401569411657097,-1.280569706315127,-1.3291255017129002,61.88579848325267,70.1115039418764,[  4.40032552 132.1080599  165.84145833],[  5.24579427 133.77363281 156.04638021],Y
0.06529262822235145,0.13533534972801922,1.156288364635208,-0.0954195827452497,6.766435312264947,4.575545005490355,-1.9708611791558661,-1.8687264339252636,0.5999495984554386,-1.7051672111226457,49.003209946428605,21.46458749398335,[  5.63778646  51.7221875  122.3880599 ],[  9.66527344 113.8236849  117.62088542],Y
-1.6133507326931826,-1.480170227355076,-0.348637505556038,-0.021210858803867836,7.454165105301225,6.906398847682268,0.6510235066933463,0.28590700575686867,-0.6857118448096018,-1.1600304475775152,60.326907800588515,51.35035859511034,[  4.63390625 105.88658854 206.62606771],[  6.11359375 117.58217448 201.75820312],Y
-1.069455269589046,-1.1911179384836466,-0.1728298732057502,-0.2283081981290963,7.657320001163824,10.738131506357748,-0.7872617102734973,-0.4874729598840162,-1.162451700008457,-1.2721925230901665,68.89013691175954,132.787112564014,[  4.89602865 118.32757813 185.9835026 ],[  3.72463542 124.00260417 190.33997396],Y
-1.0947941818775615,-1.0587764002189524,-0.012029481640461151,-0.10762355591169925,8.892214664622452,7.709883206900261,-0.7590816849491144,-0.7236057639844486,-1.306502846380481,-1.2975704311138836,86.51656363359008,63.88367540001869,[  3.51916667 110.71326823 187.57119792],[  5.46470052 121.07401042 185.30263021],Y
-2.020799753114576,-0.8151542107185504,-0.18051250440027047,-1.3299707550546183,5.798351230411141,5.5925090447114245,2.2095722526495356,-0.8405431513219099,-0.41404759260889623,0.9242914262880397,34.75511751059457,33.806852980013225,[  7.66044271 115.38566406 217.05410156],[  7.6410026  175.34404948 174.1496224 ],Y
-1.7914092146723937,-1.429617961100648,-0.520864182761439,-0.556048472932119,9.725395055019542,9.522070771596434,1.3032582854490302,0.3689903144680029,-0.8332598955305843,-0.980219440448836,116.68725047428616,102.74185579659775,[  2.53221354 136.33398438 210.9983724 ],[  4.48625    146.78445312 199.40496094],Y
-1.4971640439520373,-1.0936438014916785,-0.5746858520566819,-0.501667293717526,9.313630985219563,10.112319006764537,0.3607867229324766,-0.5928217143927514,-0.9598486329265397,-1.0893423406876268,117.09056879631524,128.66578131411325,[  2.77545573 144.9616276  200.97761719],[  3.99308594 139.91509115 185.59983073],Y
-2.201699698036019,-0.8550084817857105,-1.3348653737824583,-0.6992472360240194,9.983838007167305,8.980277346591297,3.066231323652837,-0.9614265661894952,0.8463730444533231,-0.6729993818498592,115.82594975393451,95.85643554906967,[  2.85322917 175.98295573 220.23415365],[  5.02509115 146.32330729 175.92153646],Y
-1.023289654195127,-0.931693637929167,-0.5221764196112249,-0.6516697667916816,4.427504193312986,6.674835157962425,-0.8462278723924759,-0.918664891322349,-0.9730550812347092,-0.8106986354274182,20.20518220956569,57.16505681931399,[  6.5996224  140.3193099  184.16143229],[  4.76755208 145.18309896 179.1344401 ],Y
-0.43745517538625683,-0.29893631117516656,0.1400638620804523,0.3593226462843672,8.72442348208619,10.277174235944585,-1.7551036244670073,-1.8554322400573615,-1.4386529783142816,-1.302451153781203,89.20410879063854,130.53150403000836,[  4.27067708  98.02950521 153.20369792],[  3.51769531  90.34729167 143.99567708],Y
1.0493425487909886,0.364800656207962,-1.150505869899994,-1.1018884786169174,0.8376075444966804,2.995067020760302,-0.47728913742820334,-1.4144874802730245,2.775457076359248,1.1642084942075943,-0.7646719143496781,8.913456001609422,[ 60.90203125 177.91143229  67.08630208],[ 17.80811198 161.05700521 106.33898437],Y
-1.8116367837291123,-1.4346514658284018,-0.24183543132548693,-0.5979876849847413,11.40850069679782,8.47129652252577,1.4383052957812028,0.30601456097472557,-0.9243004357113471,-0.6973634293502609,156.9877505718517,88.19463679232967,[  3.14625    125.86800781 211.28455729],[  3.6033724  146.35894531 200.05101562],Y
-0.9039740985271236,-0.8533627414404178,0.1862906810195792,-0.49539069791517515,10.431179642026565,12.961844186123532,-1.1608593441936061,-1.1327185638597606,-1.0215900920029233,-1.3315390986067275,127.31678817375285,219.38658687194032,[  3.48233073  93.02713542 178.94490885],[  2.76950521 137.54221354 174.44304687],Y
-1.0498103501995841,-0.41115659625363,0.03921385354108394,-0.5693117345704384,9.09419204009887,8.494726137434652,-0.8677264396635649,-1.5930684572436324,-1.074167664121467,-1.319433105405173,89.62322383862056,103.1166815208488,[  4.61972656 100.01269531 185.154375  ],[  3.98552083 141.93859375 149.61739583],Y
-0.6644186492472617,-0.2375664488597075,0.0001326847268765878,-0.043122113453691165,6.285361629332135,7.3638284873783695,-1.5121352323594959,-1.8507428313867245,-1.2329474064718013,-1.6411295511439299,43.011242617456304,62.45602735684109,[  5.64115885 102.33101563 166.62238281],[  4.23635417 113.45454427 140.59583333],Y
-2.8576174686908375,-1.0584916071301607,-0.29707412168249203,-1.1721187349706697,9.978936635133122,9.228904148022707,6.307924190136037,-0.28792864308251165,-0.5534407515597155,0.4353116261063956,110.7932624586423,104.08051810463392,[  3.64335938 128.80171875 230.87166667],[  3.47317708 169.0228125  185.96621094],Y
-1.3444149910785395,-0.9407955331273786,-0.5177160655783837,-1.1396203182580777,11.148448202349664,8.907444266863866,0.049818994702070185,-0.7023645890992927,-1.1790268712371847,0.443384134960251,143.22840576509557,112.89819406474435,[  3.390625   144.38841146 195.4830599 ],[  2.81566406 166.87561198 181.06320313],Y
-0.9130696056080632,-0.7628356942493086,0.10358073717691818,-0.3655166089120138,6.716321231127107,7.422579633475752,-1.1198343852203734,-1.321587892799702,-1.319531099114056,-1.4148054660956668,48.816764016646495,63.794391574043544,[  6.2016276  102.47691406 178.6652474 ],[  5.10699219 126.87596354 171.38847656],Y
-1.738744144937437,-0.39552780691940076,-1.0463738333840438,-1.090421065895117,8.563260958616665,7.604387935577663,1.2431624821627683,-1.413754139015328,-0.1042468047009466,0.12830387650029307,82.15412435834614,69.88962840558199,[  4.33731771 163.50529948 209.04800781],[  4.74950521 165.7336849  152.92013021],Y
-0.6853802338603874,-0.3050090390486204,-0.18819168023799976,-0.13484518504953436,9.089629133083678,9.569496580623158,-1.503719782993119,-1.7055331357212058,-1.4528838275504319,-1.5250164555829624,101.3644009734872,121.65741438567794,[  2.55270833 101.98627604 167.86528646],[  3.38809896 116.05867188 144.49053385],Y
-1.3097073843687137,-1.259952798547227,-1.1956405695850914,-0.4646937095469615,9.47382700014832,4.807665424115199,0.12535807387699505,-0.26862016521115706,0.22662148432391405,-1.0577798102088134,111.61341412345915,23.18130817309566,[  3.19739583 170.73070312 193.81723958],[ 10.64220052 139.33192708 193.30186198],Y
-0.5334097066143929,-0.4068088042666227,-0.2749679817052394,-0.49421273642775015,7.796188139440514,7.7462592486564255,-1.6676196245559696,-1.6403735031104896,-1.5211772966039563,-1.477050021167882,72.81880791697462,76.10170620241466,[  3.49936198 119.85897135 159.03210938],[  3.65375    139.68003906 148.41829427],Y
-0.5912861461840555,0.2763031125107407,-0.9275585659327851,-0.5822727019210528,6.171218540274335,2.9159039290207014,-1.2645956063756347,-1.7600819516847506,-0.4416015306312864,-0.9844529550959851,44.22279385137164,9.615512940086619,[  5.74130208 156.16579427 160.25875   ],[ 19.28997396 136.31440104 109.14933594],Y
-1.013996457708566,-0.7735642485011671,0.3022483662988136,-0.19841495411385887,9.07676021854631,7.601899493159603,-0.9361287429518157,-1.2485843671724854,-0.8570755526607012,-1.3623549012656984,98.50076661722473,68.87385655732969,[  3.45119792  84.47251302 183.99950521],[  4.75705729 122.20766927 171.60467448],Y
-0.898283882987865,-0.7609454502683225,0.9200337979312914,-0.3040758342382493,5.113312331651382,3.4455241063113795,-1.1530306384493,-1.363045832167646,0.18300117338657218,-1.29656097116502,27.872363273516147,10.781826612145005,[  8.0946875   70.50829427 178.48678385],[ 15.44438802 124.74986979 171.98196615],Y
-1.5130565627262365,-0.4922096583947974,-0.6996170968361223,-0.7547766702066251,9.344886870330818,7.984010617157011,0.593934045718536,-1.4467912518444976,-0.7403167109237647,-0.5533578157447843,104.63084477586881,72.2722707063312,[  3.35220052 148.81484375 200.00111979],[  4.97380208 148.58953125 158.32773438],Y
-0.9020840523367173,-0.12062645068092677,-0.6905581394031709,-0.7560918505156329,9.703093590461137,6.299857212265979,-0.9290666062796316,-1.6783449740682286,-1.10601637395936,-0.847269259481092,113.13099516413146,55.07281528997253,[  3.66570312 152.04623698 174.18292969],[  5.34640625 148.33932292 133.14769531],Y
-0.9584543774939646,-0.46247244866756076,-0.32097961738036923,-0.7745692613362098,6.438949715107589,5.88024114308578,-1.0184654372540207,-1.5187795089667644,-1.2350237817636551,-0.9957404154510141,44.14563603466036,38.57062937758046,[  5.63054688 124.10666667 181.14572917],[  6.38481771 153.31571615 152.5210026 ],Y
-1.272516528790331,0.6626293814040197,-0.24838831054065358,-0.6154817177322612,9.635508228078317,3.181401163792334,-0.33643959467586493,-1.2507479399024186,-0.9647561194137273,-1.0150239660011984,104.24374633034822,10.444238148274092,[  4.06716146 117.73123698 194.33192708],[ 16.40981771 132.426875    87.96893229],Y
-1.1121273965651357,-0.07737853806276704,-0.6580055533385595,-0.9862664126493526,4.7668191628775185,2.8068433134035065,-0.62893710039766,-1.6723622916411431,-0.6799835018097777,-0.245955310949304,22.52732159193199,6.687913315467428,[ 11.09941406 143.85859375 188.20841146],[ 24.41742187 158.9741276  130.36464844],Y
-1.2187806551120468,-1.025256282435928,-0.27914674318827293,-0.8033776758533998,5.972528002496279,8.22443246335397,-0.48003910375740544,-0.7981223243871969,-0.6622509168639197,-0.8896319210117514,36.92536077513266,76.74880322813517,[  6.81174479  97.04553385 193.07860677],[  4.19911458 150.31846354 182.38200521],Y
-1.3570076936786313,0.7559449535791776,-1.6692079792437147,-1.3789354038807213,7.595646560987673,1.6580011762097708,0.5420308577347801,-1.0256088840616853,3.0366220448519394,2.3547764094072265,63.68179670061157,2.0257460931501985,[  5.20996094 192.394375   199.15701823],[ 31.90479167 165.92115885  82.49091146],Y
-0.8102256042661867,-0.39110816579285984,-0.32713382860599605,-0.48090554546988035,8.368088426470493,5.6409164605265865,-1.2430545010890381,-1.6541175521612743,-1.2536370533426875,-1.234492727545771,84.53220801554706,35.74150545560274,[  3.52761719 123.3331901  174.16436198],[  5.68614583 133.72554687 150.80673177],Y
-0.926770945295992,-0.5019727984316414,-0.0807001391166223,-0.3079247137887332,8.955607278070215,8.082434724517295,-1.0915119136410734,-1.5927977129507795,-1.1685199329807354,-1.4192757046292281,99.91394619420453,80.22547276883836,[  2.81355469 111.8891276  179.32345052],[  3.7516276  124.88893229 156.5518099 ],Y
-1.3319872300330764,-0.9801902885719561,-0.11028037707947119,-0.6882813043987132,7.32824810012735,9.868928474236144,-0.18070149287829995,-0.6867958935607663,-0.9317491037014127,-0.9173707104114541,59.149777929587344,120.82504743589875,[  5.7943099  106.72910156 196.78770833],[  4.2247526  147.69589844 178.77347656],Y
-1.5029656869925978,-0.7510932028381281,-1.081465756562492,-1.035049562532669,8.06130909414238,7.852972964541369,0.3839010509378178,-1.039577881393778,-0.26742669624748494,-0.33297686717187647,76.99558386216826,74.86964708300631,[  4.1703776  163.01345052 202.34667969],[  4.6119401  162.63373698 168.43520833],Y
-1.1623916747894194,-0.9192732882758967,-0.3383872830659122,-0.847852636094321,7.258332792485456,8.271875294431263,-0.5908478234830241,-0.9165401800823534,-0.9666343584192423,-0.7999800006785178,62.6074600222435,83.12997310234834,[  4.44592448 112.42311198 190.03279948],[  4.56035156 155.40842448 176.32347656],Y
-1.0341807001527592,-1.1561665379936799,0.5420627914028409,-0.060332012102850406,5.940207295534665,8.825222924406727,-0.8629563070739006,-0.6041427726084065,-0.46023820156218465,-1.2200917826397155,36.580364557440596,90.63901801287895,[  7.81298177  86.36589844 184.37226563],[  4.5309375 112.1984375 189.51375  ],Y
-1.3284347339450027,-0.695684708495275,-0.9543082355298621,-1.148110407904608,8.732454495679312,8.531805112721939,0.13643137605529798,-1.0963704919295056,-0.33234059738405275,0.05861543923502932,105.27326492918768,85.72044251061804,[  2.92074219 161.36367187 195.15571615],[  4.69282552 166.20523438 166.39033854],Y
-0.9413874312039324,-0.9834897554763641,0.5244664702450198,-0.2869491018890393,7.390725148854147,7.7893584683076,-1.0595498974194797,-0.9176963931946274,-0.5101723913270608,-1.3745296056259875,58.86497175424391,69.04534285883764,[  5.77917969  77.65265625 180.22496094],[  4.3397526  131.4068099  181.00304687],Y
-2.1876603957567924,-0.41209172893271473,-1.693691427920111,-1.2636683801116355,6.893030204138856,3.2705545052707623,3.2694648234755483,-1.528303570170387,2.905697990654028,1.265366243741223,51.44515517932059,10.450065576730289,[  5.323125   186.02960938 219.39410156],[ 15.16845052 167.04549479 153.64105469],Y
-0.8366029067433306,-0.09228772009485525,-0.21560025476953365,-0.21261267797601466,7.905858209900944,5.940224973118697,-1.273241036258698,-1.8227562623717446,-1.210815569760085,-1.507462852319944,68.81250300608336,43.72216323966807,[  4.12953125  98.20369792 175.9425651 ],[  5.46846354 120.62929687 131.59139323],Y
-1.1139495439379723,-1.075322322273122,0.4927239948663399,0.008839312729636761,8.336939841132926,10.368126793161583,-0.7262417508859698,-0.8178104025720598,-0.3900021596666363,-1.1752966182224953,75.37181335583377,132.45985599139001,[  4.47673177  77.59630208 188.12984375],[  3.34563802 102.61082031 186.53979167],Y
-0.989430452957862,-0.5181567110339172,-0.052420389967655176,-0.6841512595600248,6.807840641970497,7.271042534111583,-0.9875658913791905,-1.5160194047935136,-1.0916705502624773,-0.9912965833437521,51.237097819601495,65.0540687398038,[  5.85559896  96.95436198 182.71018229],[  5.12864583 140.90953125 157.30484375],Y
-0.8788744573322933,-0.1524956819674664,-1.4348432075673598,-0.9512549858991456,10.72164173302163,3.7656229483457526,-0.6477550634046652,-1.7335798723653097,1.2897913167436101,0.4205558734097923,141.4338606560481,15.100333107041951,[  3.11407552 179.20578125 179.84803385],[ 12.17371094 155.96614583 138.67945313],Y
-1.6900540323381497,-1.4758213987175017,-0.649750755295933,-0.589226032222641,8.125846943891434,8.132716649242717,0.9124649972593599,0.30860676021607736,-0.7645071613215348,-0.9318355407091952,72.57118594533775,75.4927060020765,[  4.14575521 139.56605469 208.50597656],[  4.88496094 142.24242187 200.62010417],Y
-1.430714863911668,-1.392613998691857,-0.44292018376576553,-0.35838782404285324,8.269969346652697,7.788327308539523,0.10470841211932713,0.0029825683158679617,-1.0585746049163336,-1.2621190095965709,75.80089225843139,65.90794077574074,[  3.91480469 130.62692708 200.14674479],[  4.44695313 129.79252604 198.78417969],Y
-0.8202723156104696,-0.9082763043626837,-0.25439602015772483,-0.3029671607475679,7.226088176838184,7.966970629846845,-1.2902853857957934,-1.1125467293573783,-1.4238983597240389,-1.41749400788485,58.443883648862574,74.44423390552902,[  4.06570312 117.10255208 175.03589844],[  3.99746094 127.95860677 178.38216146],Y
-1.2761083930618142,-1.17896383761479,-0.46431897759841734,-0.4503505104713106,8.999045547154408,9.935457413592642,-0.3421769550043696,-0.551681550324655,-0.8610547035753484,-0.9803922449651647,92.07776959970377,123.83370307249554,[  3.44022135 112.71324219 195.19266927],[  2.71451823 126.62929687 190.84673177],Y
-1.2413843051610858,0.5607912207755749,-0.5083392617241868,-0.9287634228119429,7.088184264395936,3.4323628725114914,-0.3925381126612235,-1.2697824797493826,-0.9580881570153466,-0.19480898803312918,54.069408807490774,12.575001360261677,[  5.62640625 130.89229167 193.38954427],[ 16.38529948 146.94802083  93.5806901 ],Y
-0.536219630808927,-0.667941737139304,0.3046016247516293,0.00673812589080681,5.779610321844985,6.3052312830778785,-1.6931438731307291,-1.5346996975959593,-1.180685040858178,-1.4671582811466972,34.1410147113583,40.979355995939336,[  6.75583333  89.11199219 160.11247396],[  6.36165365  98.91121094 167.1258724 ],Y
-1.4588219060349312,-1.253150767062209,-0.414013461520131,-0.5319551672893157,8.132153394918522,7.914453048508863,0.1683506365166405,-0.3255510277159419,-0.6442704914815764,-1.0009493626552672,73.5039236191544,69.81575398274461,[  4.18079427 107.01548177 201.93      ],[  4.46895833 141.13714844 193.40622396],Y
-0.6202322195117294,-0.41562809969541237,-0.2024171667479737,-0.22709873650090132,8.16382897291411,8.288179575739417,-1.545180617013798,-1.6899103923301353,-1.5264483185844802,-1.6330989952749941,74.64129280647691,81.1238723111952,[  4.67768229 116.6397526  163.35634115],[  4.36317708 124.49464844 148.92401042],Y
-1.3264267794377491,-0.3770140988219884,-0.28770846901237246,-0.38589374813851735,5.7819420132920945,4.405185911002075,-0.1990338242408458,-1.7088243013341444,-1.0109611071434028,-1.247300261147436,33.68414475171226,21.06436135628311,[  7.63966146 119.01669271 197.01265625],[ 11.34519531 130.16972656 150.05535156],Y
-1.9315219260240852,-1.289568928581917,-0.7695056756084306,-1.620223252242509,12.267220075044584,10.090205934114493,1.964144379515882,0.22236913804888303,-0.2690581002273391,1.7619888476677863,172.24142767886303,131.0285970885981,[  3.05495443 152.47127279 213.79010091],[  2.58195638 182.6249707  193.58383464],N
-0.431523512783953,0.2833471438313797,-1.0390353376261692,-0.9914696852059213,7.850616540066548,4.066673620080563,-1.4145891216644468,-1.63668384803423,0.9491756706138066,1.5040758176420272,73.09844635178706,21.051543284651707,[  5.6214388  166.84063802 156.27488932],[ 13.19917969 168.44391276 111.04742839],N
-1.49891046782167,-0.07805541146076284,-1.2238882594678118,-1.2185523176174906,10.55349148718906,6.328887824591055,0.8427898115649497,-1.5051927198733104,0.3957913065765095,0.8287382926465217,120.83542527148228,50.20093634177751,[  3.19500977 173.64073568 201.46944987],[  5.22010742 167.42539388 131.22922201],N
-1.0015212887988607,0.30683805128968167,-0.644517637287697,-1.0211237205608648,9.884698819803258,2.969781352870746,-0.7328033544204504,-1.613806522601253,-1.0259394416068417,0.04710622085673233,105.54027434896494,8.434858949332837,[  4.09723958 149.84253581 180.99978841],[ 14.94032878 155.70495768 107.65383789],N
-1.3257716141219082,-1.094668575294477,-0.34458812859175736,0.11426534102859995,13.170264871565003,13.864130246009184,-0.21261136482071485,-0.7783894792549781,-1.0438415525122338,-1.1416896092061362,207.61025032356306,217.1617385451903,[  1.71982422 119.05564779 197.14869792],[  2.19385417  97.82551107 187.80776693],N
-1.1707283132194217,-0.6704429803363411,-1.870217831347096,-1.3950760546384495,13.632876158703377,13.55048174150545,0.16844764661940959,-0.9802380028812574,2.471383326134851,1.3222895889919544,224.94417408482127,214.65734401508516,[  2.13192057 192.97746419 185.54802409],[  2.93099935 177.63226888 171.06535156],N
-1.6983184411438177,-1.2032427946621906,-0.5229369705049748,-0.674251118913307,14.42202151991726,13.222141221200127,0.9419856037181296,-0.2187903869344976,-0.9091328757472112,-0.9501827024363192,244.29031100808675,203.35775782691982,[  1.66166016 139.68496745 208.7080306 ],[  2.09274089 149.43223958 188.40046224],N
-1.6821711702980044,-1.6160156425602035,0.15287151506640567,-0.6819326129006935,8.662098743798799,11.378212802848193,0.8632002928493709,0.668143254641016,-0.24180377983310297,-0.2887545355088079,78.48914368499963,144.17772938734646,[  4.01486979  93.71217448 208.76111979],[  2.52820313 129.89276693 206.71370443],N
-1.1082632105974608,-0.9026220920246159,0.19103586125341346,-0.582831128191025,9.351311887775934,11.872640448506905,-0.7495587193907096,-1.0464554175220162,-0.856865617894301,-1.074998837164034,93.72696179913753,173.82403773603673,[  2.97716797  92.96160482 188.68161784],[  2.75776042 141.13472982 178.08510091],N
-1.8470086651247806,0.00392102720611704,-0.34230944850040707,-1.0670537414287795,9.93476994710801,3.144412721257261,1.6490622404505482,-1.6237087738067972,-1.0015158722296127,0.1499585508790804,103.53762154573262,9.89015811630268,[  3.77931315 135.89716471 211.28314453],[ 11.14964518 161.21261068 123.98148112],N
-1.6821711702980044,-1.6160156425602035,0.15287151506640567,-0.6819326129006935,8.662098743798799,11.378212802848193,0.8632002928493709,0.668143254641016,-0.24180377983310297,-0.2887545355088079,78.48914368499963,144.17772938734646,[  4.01486979  93.71217448 208.76111979],[  2.52820313 129.89276693 206.71370443],N
-1.1082632105974608,-0.9026220920246159,0.19103586125341346,-0.582831128191025,9.351311887775934,11.872640448506905,-0.7495587193907096,-1.0464554175220162,-0.856865617894301,-1.074998837164034,93.72696179913753,173.82403773603673,[  2.97716797  92.96160482 188.68161784],[  2.75776042 141.13472982 178.08510091],N
-1.8470086651247806,0.00392102720611704,-0.34230944850040707,-1.0670537414287795,9.93476994710801,3.144412721257261,1.6490622404505482,-1.6237087738067972,-1.0015158722296127,0.1499585508790804,103.53762154573262,9.89015811630268,[  3.77931315 135.89716471 211.28314453],[ 11.14964518 161.21261068 123.98148112],N
-1.8675908212280803,0.04417821984116999,-1.3375410346449084,-1.1304141143169455,14.028644571379544,4.691918028684031,1.9644897129322603,-1.5718670950163693,0.7407212603135362,0.07090448944774597,235.4671917748671,24.800835521993836,[  1.89753255 178.73606445 210.93771484],[  7.26238607 160.39797201 124.34545898],N
-0.03177839253909324,0.4855444437439028,-0.9699815927401408,-0.9195055969144295,4.736092608306554,2.230473797203928,-1.5583716019867417,-1.4284687298741745,-0.3772733692172734,-0.32596469626173974,26.181492610926625,4.030789897145225,[  6.99457682 154.51232747 124.57108398],[ 22.60057617 146.30760742  96.6700944 ],N
-0.9240880013259846,-0.25570101944440143,-0.42269694044813694,-1.151402521613877,10.097345600338155,6.411291328055421,-1.0975854442264772,-1.4666732642298212,-1.3163934139534064,0.06126653643720692,144.56951210694112,45.6802287913158,[  1.28640299 130.56593424 179.43279297],[  3.30346354 165.27381185 140.20101888],N
-2.158289869804089,-2.502365607481483,-0.6191560389115809,-0.6422522270282344,7.463517154877101,9.427728255453472,2.7048306010468925,4.383280469345179,-0.7059579787203014,-0.66161969707824,56.08064999096208,91.58736882717497,[  5.26224609 132.64958008 220.17897135],[  3.746875   152.14578451 225.44287435],N
-2.16202709439432,-2.210089361619962,-0.5230981557677082,-0.44484265059261074,11.374911108886398,6.956778034946987,2.750483365328807,2.978537331326592,-0.5796867393680416,-0.6944884849482627,139.77813211660535,48.6978053128046,[  2.69535156 133.32210612 220.24940104],[  5.7818457  137.47534831 220.98385742],N
-0.5789279862369693,-0.385640921544562,-1.0059105517692617,-1.0643656691262215,7.938850197326176,6.58420826099953,-1.2514966715758205,-1.459284312040971,-0.161613784092137,0.11070081267006815,78.12678312611288,56.041942768545326,[  3.95994141 161.83494466 162.13891602],[  4.49797526 163.47682943 151.19919271],N
-1.2263564740332924,-0.23635577620115955,-1.3557431449588528,-1.2721591010931894,12.269696405521376,5.03571071567789,0.0022619471417386627,-1.5408326611779797,0.5657529151610117,0.8584388728388452,178.47944111532362,29.71111977823749,[  2.49250977 182.43773437 188.56948568],[  6.11867839 169.70691732 143.2971582 ],N
-0.9939649236762945,-0.31357588587272794,-0.8901348071458841,-0.7540148337639333,14.091967774087722,6.704737616795111,-0.6817963801123335,-1.6236382039164872,-0.657075781308158,-0.8434561010208594,246.52491486351903,59.03794973665649,[  1.68850911 160.06202148 180.75962565],[  4.85641276 147.36283529 146.19444336],N
0.07646769821501798,1.2467814447483525,-0.4104118262129863,-0.3712616239439488,6.623562302677711,2.416720964743407,-1.7660243101263475,-0.027781751508319186,-1.5554119480865085,-1.402724509813692,54.24586277748641,5.326089212104453,[  5.21116211 134.63332357 117.14398112],[ 21.51137044 120.60549154  58.42239583],N
-1.6050300317132409,-1.3564860899100009,-0.5714961873389742,-0.8888016583951289,11.523067630716135,13.936177388394679,0.7056389677340733,0.23380286150891783,-1.0698350087075827,-0.6241286204082601,142.00474375810208,238.5652042647711,[  2.8791569  145.32290365 204.36672201],[  1.83238932 161.70344727 193.5172526 ],N
-1.0818147006823484,-1.3262733787297352,-0.645196618956313,-0.3604417778521844,13.430160246101586,10.402298633095544,-0.5521546053523649,-0.08964532679294113,-1.1284466948804455,-1.119080092570111,222.6171730036581,116.7203548109245,[  2.17130208 149.51019857 184.6375293 ],[  3.35589844 132.78691081 196.00844727],N
0.6317174308953634,1.5117432650450655,-0.9919491999830723,-1.4617672164877837,3.5968032416344156,0.8418311228600666,-1.3461228305536388,0.8917634959991845,1.2622733429450177,1.8694588092787638,16.153420205749462,-0.7514326052136644,[ 15.25981445 152.59172201  91.44866862],[ 68.33284505 169.81983073  50.67900391],N
-0.8683851515381904,-0.4096611114693029,-1.2986877636769114,-1.3300254964895613,4.467149378195454,3.1204362209092324,-1.0343909735461716,-1.479147935786005,0.8114142458960951,0.9021104109270017,21.430813868956633,9.227225377436353,[  8.99229167 173.04294922 176.46332357],[ 12.33852865 174.58397786 148.59210286],N
-2.0424183759560495,-2.0066645274524793,-0.8520611731891333,-0.9020333963265501,15.038938392511236,12.487226639007565,2.4904551594387137,2.4970347820563292,-0.4661277440628515,-0.3898151670330172,270.08142834345296,171.66268484292826,[  1.99290039 158.80964193 215.92891276],[  2.62687826 164.39126953 214.72211589],N
-1.4511099367140234,-1.3735917835375644,-0.603442422129572,-0.7944601687350503,14.350245851345084,14.11160751461534,0.19050207222832727,0.21802302129330764,-0.9885352467987643,-0.6092541402202003,250.87876482217933,249.76429542691557,[  1.58498698 143.8777832  200.59168294],[  1.70070638 156.8684375  196.3599056 ],N
-0.5249121511901458,-0.45329067060350203,-1.291375756977277,-1.1928012006634994,5.57354449192826,4.317373338214288,-1.4141982821565,-1.5060241059944472,0.5845604446854789,0.4646633075806412,33.6168292831966,19.55467973826068,[  6.61262695 174.2232487  158.03300781],[ 10.10788737 169.44133138 155.02636068],N
-1.687143726833996,-1.0508707023159771,-0.7502787473048453,-0.9647325489964149,14.515686208989598,15.366641886254065,0.9094221479137623,-0.48911216369380517,-0.518178773569121,-0.49197213058791567,261.3723742289771,304.18490347337456,[  1.5673112  142.67254232 208.2125651 ],[  1.91648112 162.14335612 183.19908854],N
-1.4361765371701405,-1.0696991112178524,-0.5330833956521679,-0.5122952054107931,11.863335555369785,9.546450603171149,0.311317511438038,-0.41475414689998136,-1.2592837395249221,-1.2568996451341898,153.83927795579712,94.71453927694029,[  2.66523437 148.81635742 197.95256836],[  3.87844401 145.02995117 182.81151693],N
-0.9068871508236915,0.17125192992835866,-0.7361211252299195,-0.760766807133174,10.675410559473354,6.680499295465315,-1.0399131470240939,-1.5776938387493809,-1.0296219967311926,-0.8901485033435077,130.07579754645698,57.815122510091676,[  2.57153971 147.64661133 177.49484375],[  4.34655599 146.11337891 115.09888672],N
-0.7096243521540193,1.0741555831033014,-1.233508507014463,-1.012219125648904,10.215949783600745,1.4704609913548532,-1.0590423506982287,-0.5469021845940047,0.1446040440020644,-0.17954887321274615,116.98271783283616,1.190658090144539,[  3.18227214 172.14752279 165.70041992],[ 43.5219694  149.20907878  66.41859375],N
-2.3218295942124945,-2.581122878701533,-0.17575058932438656,0.2741529628580167,13.458523748164053,7.956473420216262,3.4324746140437394,4.745056685774541,-0.6786209599315853,-0.8651873637973333,205.4767306993633,63.98825899046652,[  1.93051432 123.70436198 223.27108398],[  4.8974707  101.59470378 227.09066406],N
-0.8461891577603162,-0.025326497311764933,-1.178937547314847,-1.0073956090238554,15.287422828193264,3.988599925429863,-0.7036589695522588,-1.7347512454835559,0.03765415210896306,0.08212563840857356,279.86041329109855,19.04354929463188,[  2.31935221 170.45737305 173.65521159],[ 10.93512044 158.49082682 128.37563151],N
0.0026308767120955196,0.8550825014405069,-1.1811211571230917,-0.9895914029747575,7.772641786599055,2.146527238389508,-1.5154354179972689,-0.88970693177014,0.5412810118373064,0.037552121686005524,83.12901254793569,3.97672060147009,[  3.5747526  161.9010612  129.84424479],[ 19.50166667 146.24104167  77.28359049],N
-1.1089229242214176,-1.290762897652519,-0.19823754534282054,-0.975582107036977,11.374021048881284,13.537043300958407,-0.7440895640607943,-0.1451773561061218,-1.0560077383155515,-0.58874203678725,141.81635334496872,225.895586172723,[  2.82217448 105.13408854 188.51835286],[  1.86528971 163.94179362 192.61543945],N
-1.4963634748175032,-0.4193504038977787,-1.1284405926578536,-0.7967486325411758,12.583525327033417,5.466733242710901,0.6002231962349063,-1.5127191705823777,0.13903739758431843,-0.5691699863395767,185.73832838088325,36.36753098918584,[  2.1282487  167.86355143 200.9974707 ],[  7.37227214 150.50395182 152.63437826],N
-1.616217038972838,-1.383231230894335,-0.714851555819112,-0.8578535429545082,13.139286894766117,12.524837327860773,0.6411092695231004,0.0904362204368887,-0.7621958130109543,-0.7183320618983382,195.96425021766376,178.30756067943923,[  1.84964518 142.30840495 206.81751953],[  2.02258789 159.30677734 196.02363607],N
-0.9991705758854184,0.13892877604821943,-0.3537022374489129,-0.5404364260631275,9.348105044585049,3.8320766631736425,-0.9014966505748059,-1.771891417067519,-1.3307707359971623,-1.2841590281119188,97.83115869945617,16.593259936166668,[  2.92394531 133.90710286 181.8466862 ],[ 10.34449219 138.25665365 114.85958333],N
-1.8957417119195343,-0.6815030938357515,-0.7662106377209958,-1.3114367623260657,11.25349428327455,12.257247278463192,1.7724198490643284,-1.0254585976264317,-0.5353876786778637,0.4208451955213861,141.43685153821576,186.00835728276422,[  2.40521159 155.45134766 212.69451823],[  2.52124349 173.20039714 166.48674479],N
-1.625975012163403,-0.1967487342905912,-0.6734854849739594,-0.7162944029457763,13.695309879493568,4.621854390173023,0.8690795936765041,-1.7239248890824526,-0.5889647970195373,-1.0569821647342041,221.20112419485557,22.874632608007747,[  1.90080078 140.09405273 206.34377279],[  5.7333724  147.85152995 138.0353776 ],N
-2.0195725426902027,-0.5416099576368504,-0.6259789935048011,-1.098755023487884,14.968296886215564,8.808526086829952,2.1331324176406916,-1.313662079232603,-0.496833030449209,-0.13482085792541687,273.4230447632356,101.36297241722276,[  1.75108724 139.2855599  216.77416992],[  3.06375651 164.60183919 158.04532552],N
-3.0169689170577807,-3.0045094338987246,-0.6405982529590902,-0.9459498020935073,8.946384438318645,14.72778213122352,7.184604328027614,7.247735157481879,-0.03779127719142483,0.17335104369817778,81.54198496468987,250.39062189227278,[  4.0949349  122.92092773 232.88323242],[  2.01945964 168.40983398 231.39361328],N
-1.155271592161785,-0.2089771934611592,-0.7451714277398597,-0.8839361900782965,14.657645578908939,5.4907505098774045,-0.4975872403906032,-1.6691372062501806,-0.6428113972971397,-0.38447533210340623,259.32504595876856,38.95871193735098,[  2.19697917 145.9176888  191.03366536],[  6.73747396 152.99474935 140.55649414],N
-1.2554657612774607,-0.760580713725887,-0.20669461622421098,-0.580489571861233,7.49077988926521,9.53994524295622,-0.40551631775099306,-1.285263725308854,-1.2664639878338415,-1.3042111217929961,57.308844910016724,97.36633523983255,[  4.89155599 113.16818034 194.76379883],[  3.10023437 145.05319987 169.53595052],N
-1.2628974763396483,-0.9895451920074927,-1.1720599687014728,-1.01532669790764,11.47305015680849,8.480047851406427,-0.06742923907293408,-0.6797139992333472,0.19470565205572532,-0.04194913207843953,159.7519174649938,87.04193225851252,[  2.2716862  167.82632813 193.18892904],[  3.34058919 161.8884375  182.58886393],N
-1.098009665493188,0.4173312881151722,-0.6442471098342,-0.8984232427753875,9.174341719749684,3.6289842376086088,-0.5208548221293317,-1.502660625597935,-1.0049912004202226,-0.2915874073960114,88.43667851995184,15.928788357070342,[  3.72480794 150.05223633 185.20183268],[ 11.04557292 147.00989258 101.56736979],N
-1.659187419764723,-0.5779388564455238,-1.3701830098829817,-1.370152677676349,15.66015377830687,7.7296676454719435,1.2292264673996618,-1.238574062515414,0.8723120924709251,1.1045550498067573,303.81584023794363,86.34949301765779,[  2.12077148 174.15835286 207.12818685],[  4.22110352 174.45830404 161.47201823],N
-0.0491907043859459,-0.16547766649624826,-1.2446721877034557,-0.9166861495564055,4.03593648343622,4.819416080968651,-1.5158772497746427,-1.6365453788575657,0.5659165626610809,-0.5242746114146688,16.73219104774102,26.579140075670733,[  8.74213216 164.73668294 127.11005208],[  7.12229492 154.18303385 135.11697266],N
-1.730205398378776,-0.6197122198484719,-1.1937106823932744,-0.9817607362011972,12.46063023042403,8.823011810166209,1.309701517173579,-1.275607230331915,0.43863384757619617,-0.28407157397740734,191.99891673750875,97.23086184501798,[  2.16440755 170.631875   208.11959635],[  3.62399414 158.28029948 164.22040365],N
-1.4025992100672222,-0.8278947998180808,-0.47284948003651517,-0.7871788495824682,12.715225032983685,11.280346755897133,-0.0065782137364571724,-1.0093525393380451,-0.7662845968544691,-0.7802027009266417,188.8935127434225,157.38452806735705,[  1.87611328 124.03375651 199.95778646],[  2.55567383 152.93434245 173.48292969],N
-0.9266430847964241,-0.3217802163202765,-0.7247691224345074,-0.8173557134529758,8.942825787610232,6.89160085542126,-0.9409260398474704,-1.5935796518023968,-1.0667039716982976,-0.7260108076118716,85.24323127081759,50.99866786943808,[  3.71806966 151.00284505 177.52980794],[  5.8653418  151.43811198 147.13830078],N
-2.143901416263427,-1.0728541710408335,-0.5826464685254763,-1.0162952839807384,12.651200819776271,11.764932831517271,2.841168882690379,-0.4936234916261446,-0.7018600487380144,-0.24873845569173358,174.11969891979004,162.55425364476673,[  2.64562826 143.77441081 219.01841797],[  2.24581055 163.77865885 184.19483398],N
-0.44874062010244725,0.3309185841621681,-0.8738769916580365,-0.6739479909118312,8.804838145295996,3.560222730560865,-1.5258816042460548,-1.5861076980541782,-0.8882185464052528,-1.0277478662330808,85.7788520524358,13.422158968476065,[  3.78021159 159.58793945 149.95438802],[ 12.81006185 139.68392904 105.98596354],N
