f_r_skew,f_g_skew,f_b_skew,f_r_kurt,f_g_kurt,f_b_kurt,f_r_image_mean,f_g_image_mean,f_b_image_mean,f_r_left_mean,f_g_left_mean,f_b_left_mean,f_r_right_mean,f_g_right_mean,f_b_right_mean,fc_r_skew,fc_g_skew,fc_b_skew,fc_r_kurt,fc_g_kurt,fc_b_kurt,fc_r_image_mean,fc_g_image_mean,fc_b_image_mean,fc_r_left_mean,fc_g_left_mean,fc_b_left_mean,fc_r_right_mean,fc_g_right_mean,fc_b_right_mean,cancer
-1.3352006191590775,-0.4032459470777096,9.226706963937968,-0.16565530007604945,-0.8114552063669072,101.17052795378099,3.4455598958333336,115.68419270833333,197.20174479166667,2.6636197916666666,122.57203125,222.65778645833333,4.2275,108.79635416666666,171.745703125,-1.167964664954857,-0.8159927083867343,10.323764528535182,-0.34399919127613066,-0.7239517750406481,141.05503618673566,3.0273567708333333,154.29424479166667,187.3245703125,2.8476822916666666,149.44859375,190.030234375,3.20703125,159.13989583333333,184.61890625,Y
-0.7709969732430328,-0.6268306322299423,7.881934078732436,-1.2800913980162922,-1.212488993678844,70.51023975991559,3.947565104166667,143.0176171875,170.90936197916668,3.7427604166666666,144.99872395833333,188.80236979166668,4.152369791666667,141.03651041666666,153.01635416666667,-0.4539090362564366,-0.6175252671041054,7.102303117276586,-1.6211844560734172,-1.2025050581515686,60.22238277268927,4.711302083333333,142.46966145833332,153.8836328125,4.029895833333334,143.23026041666665,161.2065625,5.392708333333333,141.7090625,146.560703125,Y
-1.2108943568258284,0.2083914813765953,6.893236318971401,-0.47948428109667107,-0.9383395271748989,50.98402393294854,6.3071875,89.42470052083333,192.13587239583333,8.288515625,81.653828125,199.215234375,4.325859375,97.19557291666666,185.05651041666667,-0.6323219239021972,-0.5948029143691868,7.529324472294026,-1.424200368526325,-1.190644069915357,66.26269728587266,4.58171875,139.79088541666667,163.2871875,4.4553125,147.1746875,186.217421875,4.708125,132.40708333333333,140.356953125,Y
-1.252473461516686,-0.5531700104498369,8.729436993070868,-0.38079055831812525,-0.9749459457045693,91.29086503564051,3.0882161458333335,136.20973958333335,194.20391927083332,2.7667447916666665,137.21065104166667,202.47684895833333,3.4096875,135.208828125,185.93098958333334,-0.8057950485738298,-0.6770616193658772,7.637792640927331,-1.1335377199582835,-1.0176731293388008,62.0985222102383,5.856393229166667,148.6734375,173.02208333333334,5.239244791666667,153.60963541666666,170.447890625,6.473541666666667,143.73723958333332,175.59627604166667,Y
-0.6647381909473958,-0.42204523599228344,7.326318122047546,-1.3946293699415289,-1.280569706315127,61.88579848325267,4.400325520833333,132.10805989583332,165.84145833333332,4.149453125,137.3253125,164.745703125,4.651197916666667,126.89080729166666,166.93721354166667,-0.5020060394515721,-0.42902089581284975,7.497643350136254,-1.5401569411657097,-1.3291255017129002,70.1115039418764,5.245794270833334,133.7736328125,156.04638020833335,5.121692708333334,132.60645833333334,139.50309895833334,5.3698958333333335,134.94080729166666,172.58966145833332,Y
0.06529262822235145,1.156288364635208,6.766435312264947,-1.9708611791558661,0.5999495984554386,49.00320994642861,5.637786458333333,51.7221875,122.38805989583334,5.480807291666666,53.70359375,129.127734375,5.794765625,49.74078125,115.64838541666667,0.13533534972801925,-0.0954195827452497,4.575545005490355,-1.8687264339252636,-1.7051672111226457,21.46458749398335,9.6652734375,113.82368489583334,117.62088541666667,9.109140625,122.52721354166667,130.18888020833333,10.22140625,105.12015625,105.052890625,Y
-1.6133507326931826,-0.348637505556038,7.454165105301225,0.6510235066933463,-0.6857118448096018,60.326907800588515,4.63390625,105.88658854166667,206.62606770833332,4.6798697916666665,111.01177083333333,212.43026041666667,4.587942708333333,100.76140625,200.821875,-1.480170227355076,-0.021210858803867836,6.906398847682268,0.28590700575686867,-1.1600304475775152,51.35035859511034,6.11359375,117.58217447916667,201.758203125,5.090494791666667,123.444609375,209.17322916666666,7.136692708333333,111.71973958333334,194.34317708333333,Y
-1.069455269589046,-0.1728298732057502,7.657320001163824,-0.7872617102734973,-1.162451700008457,68.89013691175954,4.896028645833334,118.327578125,185.98350260416666,5.420572916666667,101.78552083333334,166.55731770833333,4.371484375,134.86963541666665,205.4096875,-1.1911179384836466,-0.2283081981290963,10.738131506357748,-0.4874729598840162,-1.2721925230901665,132.787112564014,3.7246354166666666,124.00260416666667,190.33997395833333,3.4344270833333335,111.95671875,169.37528645833333,4.01484375,136.04848958333332,211.30466145833333,Y
-1.0947941818775615,-0.012029481640461151,8.892214664622452,-0.7590816849491144,-1.306502846380481,86.51656363359008,3.5191666666666666,110.71326822916667,187.57119791666668,3.635,96.61377604166667,197.13640625,3.4033333333333333,124.81276041666666,178.00598958333333,-1.0587764002189524,-0.10762355591169925,7.709883206900261,-0.7236057639844486,-1.2975704311138836,63.88367540001869,5.4647005208333335,121.07401041666667,185.30263020833334,4.056536458333333,97.3646875,166.62302083333333,6.8728645833333335,144.78333333333333,203.98223958333332,Y
-2.020799753114576,-0.18051250440027047,5.798351230411141,2.2095722526495356,-0.41404759260889623,34.75511751059457,7.660442708333333,115.3856640625,217.0541015625,6.794817708333333,120.044765625,213.23041666666666,8.526067708333333,110.7265625,220.87778645833333,-0.8151542107185504,-1.329970755054618,5.5925090447114245,-0.8405431513219099,0.9242914262880397,33.806852980013225,7.641002604166666,175.34404947916667,174.14962239583335,6.9015104166666665,177.568125,164.40526041666666,8.380494791666667,173.11997395833333,183.893984375,Y
-1.7914092146723937,-0.520864182761439,9.725395055019542,1.3032582854490302,-0.8332598955305843,116.68725047428616,2.5322135416666667,136.333984375,210.99837239583334,2.339140625,131.832109375,211.20255208333333,2.725286458333333,140.835859375,210.79419270833333,-1.429617961100648,-0.556048472932119,9.522070771596434,0.3689903144680029,-0.980219440448836,102.74185579659775,4.48625,146.784453125,199.4049609375,4.942552083333333,151.24244791666666,214.89729166666666,4.029947916666667,142.32645833333333,183.91263020833333,Y
-1.4971640439520373,-0.5746858520566819,9.313630985219563,0.3607867229324766,-0.9598486329265392,117.09056879631522,2.7754557291666666,144.96162760416667,200.9776171875,2.502760416666667,147.53619791666668,197.54869791666667,3.048151041666667,142.38705729166668,204.40653645833333,-1.0936438014916785,-0.501667293717526,10.112319006764537,-0.592821714392751,-1.0893423406876268,128.66578131411325,3.9930859375,139.91509114583334,185.59983072916665,3.89953125,144.343125,184.15049479166666,4.086640625,135.48705729166667,187.04916666666668,Y
-2.201699698036019,-1.3348653737824583,9.983838007167305,3.066231323652837,0.8463730444533226,115.82594975393454,2.8532291666666665,175.98295572916666,220.23415364583335,2.687734375,187.32200520833334,230.13731770833334,3.018723958333333,164.64390625,210.33098958333332,-0.8550084817857105,-0.6992472360240194,8.980277346591297,-0.9614265661894952,-0.6729993818498592,95.85643554906967,5.025091145833334,146.32330729166668,175.92153645833332,6.164869791666667,143.064609375,171.884765625,3.8853125,149.58200520833333,179.95830729166667,Y
-1.023289654195127,-0.5221764196112249,4.427504193312986,-0.8462278723924759,-0.9730550812347092,20.20518220956569,6.599622395833333,140.31930989583333,184.16143229166667,5.650651041666666,139.23234375,179.751484375,7.54859375,141.40627604166667,188.57138020833332,-0.931693637929167,-0.6516697667916816,6.674835157962425,-0.918664891322349,-0.8106986354274182,57.16505681931399,4.767552083333333,145.18309895833335,179.13444010416666,4.778515625,147.264921875,174.28520833333334,4.756588541666667,143.10127604166667,183.983671875,Y
-0.43745517538625683,0.1400638620804523,8.72442348208619,-1.7551036244670073,-1.4386529783142816,89.20410879063854,4.270677083333333,98.02950520833333,153.20369791666667,4.272760416666666,99.48083333333334,154.41341145833334,4.26859375,96.57817708333333,151.993984375,-0.29893631117516656,0.3593226462843672,10.277174235944585,-1.8554322400573615,-1.302451153781203,130.53150403000836,3.5176953125,90.34729166666666,143.99567708333333,3.5300520833333335,93.05283854166667,147.95325520833333,3.5053385416666667,87.64174479166667,140.03809895833334,Y
1.0493425487909886,-1.150505869899994,0.8376075444966804,-0.47728913742820334,2.775457076359248,-0.7646719143496781,60.90203125,177.91143229166667,67.08630208333334,31.977135416666666,176.93690104166666,120.57416666666667,89.82692708333333,178.88596354166665,13.5984375,0.364800656207962,-1.1018884786169174,2.995067020760302,-1.4144874802730245,1.1642084942075943,8.913456001609422,17.808111979166668,161.05700520833332,106.338984375,10.800729166666667,174.16557291666666,135.90268229166668,24.815494791666666,147.9484375,76.77528645833333,Y
-1.8116367837291123,-0.24183543132548693,11.40850069679782,1.4383052957812028,-0.9243004357113471,156.9877505718517,3.14625,125.8680078125,211.28455729166666,3.6395572916666667,111.89111979166667,217.55447916666665,2.6529427083333332,139.84489583333334,205.01463541666666,-1.4346514658284018,-0.5979876849847413,8.47129652252577,0.30601456097472557,-0.6973634293502609,88.19463679232967,3.6033723958333335,146.3589453125,200.051015625,3.0152604166666666,144.53736979166666,236.13830729166668,4.191484375,148.18052083333333,163.96372395833333,Y
-0.9039740985271236,0.1862906810195792,10.431179642026565,-1.1608593441936061,-1.0215900920029233,127.31678817375285,3.4823307291666667,93.02713541666667,178.94490885416667,3.8879427083333336,84.8228125,182.76044270833333,3.07671875,101.23145833333334,175.129375,-0.8533627414404178,-0.49539069791517515,12.961844186123532,-1.1327185638597606,-1.3315390986067275,219.38658687194032,2.7695052083333334,137.54221354166665,174.443046875,3.1353645833333332,146.81098958333334,206.901484375,2.4036458333333335,128.2734375,141.984609375,Y
-1.0498103501995841,0.03921385354108394,9.09419204009887,-0.8677264396635649,-1.074167664121467,89.62322383862056,4.6197265625,100.0126953125,185.154375,5.282421875,83.65377604166666,169.83026041666668,3.95703125,116.37161458333334,200.47848958333333,-0.41115659625363,-0.5693117345704384,8.494726137434652,-1.5930684572436324,-1.319433105405173,103.1166815208488,3.985520833333333,141.93859375,149.61739583333335,3.6978125,137.731953125,147.34177083333333,4.273229166666667,146.145234375,151.89302083333334,Y
-0.6644186492472617,0.0001326847268765878,6.285361629332135,-1.5121352323594959,-1.2329474064718013,43.011242617456304,5.641158854166667,102.331015625,166.6223828125,5.031171875,102.800078125,175.185625,6.251145833333333,101.861953125,158.059140625,-0.2375664488597075,-0.043122113453691165,7.3638284873783695,-1.8507428313867245,-1.6411295511439299,62.45602735684109,4.236354166666667,113.45454427083334,140.59583333333333,4.250260416666666,109.15208333333334,129.45697916666666,4.222447916666667,117.75700520833334,151.7346875,Y
-2.8576174686908375,-0.29707412168249203,9.978936635133122,6.307924190136037,-0.5534407515597155,110.7932624586423,3.643359375,128.80171875,230.87166666666667,2.8314583333333334,136.17510416666667,231.7725,4.4552604166666665,121.42833333333333,229.97083333333333,-1.0584916071301607,-1.1721187349706697,9.228904148022707,-0.28792864308251165,0.4353116261063956,104.08051810463392,3.4731770833333333,169.0228125,185.9662109375,3.435390625,169.65130208333332,183.08807291666668,3.5109635416666665,168.39432291666665,188.84434895833334,Y
-1.3444149910785395,-0.5177160655783837,11.148448202349664,0.049818994702070185,-1.1790268712371847,143.22840576509557,3.390625,144.38841145833334,195.48305989583332,3.9337760416666665,152.335546875,197.29578125,2.8474739583333335,136.44127604166667,193.67033854166667,-0.9407955331273786,-1.1396203182580777,8.907444266863866,-0.7023645890992927,0.443384134960251,112.89819406474435,2.8156640625,166.87561197916668,181.063203125,3.3770572916666666,175.0421875,178.98229166666667,2.2542708333333334,158.70903645833334,183.14411458333333,Y
-0.9130696056080632,0.10358073717691818,6.716321231127107,-1.1198343852203734,-1.319531099114056,48.816764016646495,6.201627604166666,102.4769140625,178.66524739583335,6.353802083333333,90.99833333333333,170.36080729166667,6.049453125,113.95549479166667,186.9696875,-0.7628356942493086,-0.3655166089120138,7.422579633475752,-1.321587892799702,-1.4148054660956668,63.794391574043544,5.1069921875,126.87596354166666,171.3884765625,5.138125,125.65377604166666,179.8403125,5.075859375,128.09815104166665,162.936640625,Y
-1.738744144937437,-1.0463738333840438,8.563260958616665,1.2431624821627683,-0.1042468047009466,82.15412435834614,4.337317708333333,163.50529947916667,209.0480078125,4.60609375,168.467109375,207.99065104166667,4.0685416666666665,158.54348958333333,210.10536458333334,-0.39552780691940076,-1.090421065895117,7.604387935577663,-1.413754139015328,0.12830387650029307,69.88962840558199,4.749505208333333,165.73368489583333,152.92013020833335,4.542916666666667,158.70684895833332,141.142109375,4.95609375,172.76052083333335,164.69815104166668,Y
-0.6853802338603874,-0.18819168023799976,9.089629133083678,-1.503719782993119,-1.4528838275504319,101.3644009734872,2.5527083333333334,101.98627604166667,167.86528645833334,2.4386197916666665,97.3396875,162.566484375,2.666796875,106.63286458333333,173.16408854166667,-0.3050090390486204,-0.13484518504953436,9.569496580623158,-1.7055331357212058,-1.5250164555829624,121.65741438567794,3.3880989583333334,116.058671875,144.49053385416667,3.144401041666667,109.88872395833333,139.60692708333335,3.631796875,122.22861979166667,149.374140625,Y
-1.3097073843687137,-1.1956405695850914,9.47382700014832,0.12535807387699505,0.22662148432391405,111.61341412345915,3.197395833333333,170.730703125,193.81723958333333,2.9174479166666667,159.60510416666668,190.17450520833333,3.47734375,181.85630208333333,197.45997395833334,-1.259952798547227,-0.4646937095469615,4.807665424115199,-0.26862016521115706,-1.0577798102088134,23.18130817309566,10.642200520833333,139.33192708333334,193.30186197916666,14.822864583333333,130.124765625,191.59544270833334,6.461536458333334,148.53908854166667,195.00828125,Y
-0.5334097066143929,-0.2749679817052394,7.796188139440514,-1.6676196245559696,-1.5211772966039563,72.81880791697462,3.499361979166667,119.85897135416667,159.032109375,3.287265625,136.95096354166665,169.326640625,3.7114583333333333,102.76697916666667,148.737578125,-0.4068088042666227,-0.49421273642775015,7.7462592486564255,-1.6403735031104896,-1.477050021167882,76.10170620241466,3.65375,139.6800390625,148.41829427083334,3.507578125,155.28020833333332,165.389765625,3.799921875,124.07986979166667,131.44682291666666,Y
-0.5912861461840555,-0.9275585659327851,6.171218540274335,-1.2645956063756347,-0.4416015306312864,44.22279385137164,5.741302083333333,156.16579427083335,160.25875,6.633046875,143.231796875,135.58684895833332,4.849557291666667,169.09979166666668,184.93065104166666,0.2763031125107407,-0.5822727019210528,2.9159039290207014,-1.7600819516847506,-0.9844529550959851,9.615512940086619,19.289973958333334,136.31440104166666,109.1493359375,21.468359375,142.418828125,117.0078125,17.111588541666666,130.20997395833334,101.290859375,Y
-1.013996457708566,0.3022483662988136,9.07676021854631,-0.9361287429518157,-0.8570755526607012,98.50076661722474,3.4511979166666666,84.47251302083333,183.99950520833335,3.2690104166666667,80.53018229166666,197.258125,3.6333854166666666,88.41484375,170.74088541666666,-0.7735642485011671,-0.19841495411385887,7.601899493159603,-1.2485843671724854,-1.3623549012656984,68.87385655732969,4.7570572916666665,122.20766927083334,171.60467447916668,3.9776822916666665,109.989296875,173.10119791666668,5.536432291666666,134.42604166666666,170.10815104166667,Y
-0.898283882987865,0.9200337979312914,5.113312331651382,-1.1530306384493,0.18300117338657218,27.872363273516147,8.0946875,70.50829427083333,178.48678385416667,7.128567708333334,77.816015625,185.01294270833333,9.060807291666666,63.200572916666665,171.960625,-0.7609454502683225,-0.3040758342382493,3.4455241063113795,-1.363045832167646,-1.29656097116502,10.781826612145005,15.444388020833333,124.74986979166667,171.98196614583333,17.36625,121.468515625,154.50861979166666,13.522526041666667,128.03122395833333,189.4553125,Y
-1.5130565627262365,-0.6996170968361223,9.344886870330818,0.593934045718536,-0.7403167109237647,104.63084477586881,3.352200520833333,148.81484375,200.00111979166667,3.0728125,161.96875,196.66838541666667,3.6315885416666664,135.6609375,203.33385416666667,-0.4922096583947974,-0.7547766702066252,7.984010617157011,-1.4467912518444976,-0.5533578157447843,72.27227070633121,4.973802083333333,148.58953125,158.327734375,3.8431770833333334,141.4175,152.64658854166666,6.104427083333333,155.7615625,164.00888020833332,Y
-0.9020840523367173,-0.6905581394031709,9.703093590461137,-0.9290666062796316,-1.10601637395936,113.13099516413146,3.665703125,152.04623697916668,174.1829296875,3.8427083333333334,166.05986979166667,190.4271875,3.4886979166666667,138.03260416666666,157.938671875,-0.12062645068092677,-0.7560918505156329,6.299857212265979,-1.6783449740682286,-0.847269259481092,55.07281528997253,5.34640625,148.33932291666667,133.1476953125,4.850416666666667,147.60565104166668,130.94166666666666,5.842395833333334,149.07299479166667,135.35372395833335,Y
-0.9584543774939646,-0.32097961738036923,6.438949715107589,-1.0184654372540207,-1.235023781763655,44.14563603466036,5.630546875,124.10666666666667,181.14572916666665,4.674895833333333,116.87221354166667,182.71567708333333,6.586197916666666,131.34111979166667,179.57578125,-0.46247244866756076,-0.7745692613362098,5.88024114308578,-1.5187795089667644,-0.9957404154510141,38.57062937758046,6.384817708333333,153.31571614583333,152.52100260416665,5.4065625,168.16825520833333,175.7221875,7.363072916666667,138.46317708333333,129.31981770833335,Y
-1.272516528790331,-0.24838831054065358,9.635508228078317,-0.33643959467586493,-0.9647561194137273,104.24374633034822,4.0671614583333335,117.73123697916667,194.33192708333334,2.9768489583333335,128.3328125,190.645546875,5.157473958333333,107.12966145833333,198.01830729166667,0.6626293814040197,-0.6154817177322612,3.181401163792334,-1.2507479399024186,-1.0150239660011984,10.444238148274092,16.409817708333332,132.426875,87.96893229166666,16.633984375,113.55270833333333,73.07893229166666,16.185651041666667,151.30104166666666,102.85893229166666,Y
-1.1121273965651357,-0.6580055533385595,4.7668191628775185,-0.62893710039766,-0.6799835018097777,22.52732159193199,11.0994140625,143.85859375,188.20841145833333,9.842109375,156.5334375,206.97322916666667,12.35671875,131.18375,169.44359375,-0.07737853806276704,-0.9862664126493526,2.8068433134035065,-1.6723622916411431,-0.245955310949304,6.687913315467428,24.417421875,158.97412760416665,130.3646484375,27.735807291666667,149.54190104166668,124.16317708333334,21.099036458333334,168.40635416666666,136.56611979166667,Y
-1.2187806551120468,-0.27914674318827293,5.972528002496279,-0.48003910375740544,-0.6622509168639197,36.92536077513266,6.8117447916666665,97.04553385416666,193.07860677083335,7.257369791666667,100.75044270833334,194.11885416666667,6.366119791666667,93.340625,192.038359375,-1.025256282435928,-0.8033776758533998,8.22443246335397,-0.7981223243871969,-0.8896319210117514,76.74880322813517,4.199114583333333,150.31846354166666,182.38200520833334,4.238333333333333,153.24557291666667,182.09971354166666,4.159895833333334,147.39135416666667,182.664296875,Y
-1.3570076936786313,-1.6692079792437147,7.595646560987673,0.5420308577347801,3.0366220448519394,63.68179670061157,5.2099609375,192.394375,199.15701822916665,4.3093489583333335,194.21903645833333,229.076875,6.1105729166666665,190.56971354166666,169.23716145833333,0.7559449535791776,-1.3789354038807213,1.6580011762097708,-1.0256088840616853,2.3547764094072265,2.0257460931501985,31.904791666666668,165.92115885416666,82.49091145833333,22.105833333333333,169.31315104166666,109.00361979166667,41.70375,162.52916666666667,55.978203125,Y
-0.8102256042661867,-0.32713382860599605,8.368088426470493,-1.2430545010890381,-1.2536370533426875,84.53220801554706,3.5276171875,123.33319010416666,174.16436197916667,3.5736458333333334,106.7065625,178.75901041666665,3.4815885416666665,139.95981770833333,169.56971354166666,-0.39110816579285984,-0.48090554546988035,5.6409164605265865,-1.6541175521612743,-1.234492727545771,35.74150545560274,5.686145833333334,133.725546875,150.80673177083332,3.4660416666666665,138.27890625,191.09440104166666,7.90625,129.1721875,110.5190625,Y
-0.926770945295992,-0.0807001391166223,8.955607278070215,-1.0915119136410734,-1.1685199329807354,99.91394619420453,2.8135546875,111.88912760416666,179.32345052083335,2.81484375,106.73666666666666,166.51216145833334,2.812265625,117.04158854166667,192.13473958333333,-0.5019727984316414,-0.3079247137887332,8.082434724517295,-1.5927977129507795,-1.4192757046292281,80.22547276883836,3.7516276041666665,124.88893229166666,156.55180989583334,3.8559635416666667,126.70502604166667,155.413515625,3.647291666666667,123.07283854166667,157.69010416666666,Y
-1.3319872300330764,-0.11028037707947119,7.32824810012735,-0.18070149287829995,-0.9317491037014127,59.149777929587344,5.794309895833333,106.7291015625,196.78770833333334,5.882864583333333,108.69114583333334,202.09671875,5.705755208333334,104.76705729166666,191.47869791666668,-0.9801902885719561,-0.6882813043987132,9.868928474236144,-0.6867958935607663,-0.9173707104114541,120.82504743589875,4.2247526041666665,147.6958984375,178.7734765625,4.034817708333334,164.59731770833332,195.846484375,4.4146875,130.79447916666666,161.70046875,Y
-1.5029656869925978,-1.081465756562492,8.06130909414238,0.3839010509378178,-0.26742669624748494,76.99558386216826,4.170377604166666,163.01345052083335,202.3466796875,4.448255208333333,168.187109375,217.05255208333332,3.8925,157.83979166666666,187.64080729166668,-0.7510932028381281,-1.035049562532669,7.852972964541369,-1.039577881393778,-0.33297686717187647,74.86964708300631,4.611940104166667,162.63373697916666,168.43520833333332,4.787395833333333,174.69645833333334,189.78015625,4.436484375,150.571015625,147.09026041666667,Y
-1.1623916747894194,-0.33838728306591226,7.258332792485456,-0.5908478234830241,-0.9666343584192423,62.6074600222435,4.445924479166667,112.42311197916666,190.03279947916667,4.140520833333333,107.99734375,192.13705729166668,4.751328125,116.84888020833333,187.92854166666666,-0.9192732882758967,-0.847852636094321,8.271875294431263,-0.9165401800823534,-0.7999800006785178,83.12997310234834,4.5603515625,155.40842447916665,176.3234765625,3.680625,153.44971354166665,184.82744791666667,5.440078125,157.36713541666666,167.81950520833334,Y
-1.0341807001527592,0.5420627914028409,5.940207295534665,-0.8629563070739006,-0.46023820156218465,36.580364557440596,7.812981770833333,86.3658984375,184.372265625,10.095989583333333,90.96666666666667,207.829296875,5.529973958333334,81.76513020833333,160.915234375,-1.1561665379936799,-0.060332012102850406,8.825222924406727,-0.6041427726084065,-1.2200917826397155,90.63901801287895,4.5309375,112.1984375,189.51375,5.172421875,112.07096354166667,197.81598958333333,3.889453125,112.32591145833334,181.21151041666667,Y
-1.3284347339450027,-0.9543082355298621,8.732454495679312,0.13643137605529798,-0.33234059738405275,105.27326492918768,2.9207421875,161.363671875,195.15571614583334,3.054375,151.512734375,187.06729166666668,2.787109375,171.214609375,203.244140625,-0.695684708495275,-1.148110407904608,8.531805112721939,-1.0963704919295056,0.05861543923502932,85.72044251061804,4.692825520833333,166.205234375,166.39033854166667,4.957682291666667,154.96166666666667,155.09638020833333,4.42796875,177.44880208333333,177.684296875,Y
-0.9413874312039324,0.5244664702450198,7.390725148854147,-1.0595498974194797,-0.5101723913270608,58.86497175424391,5.7791796875,77.65265625,180.2249609375,6.117604166666666,75.743671875,189.37184895833335,5.440755208333333,79.561640625,171.07807291666666,-0.9834897554763641,-0.2869491018890393,7.7893584683076,-0.9176963931946274,-1.3745296056259875,69.04534285883764,4.339752604166667,131.40680989583333,181.003046875,4.49234375,131.82552083333334,199.31276041666666,4.187161458333334,130.98809895833332,162.69333333333333,Y
-2.1876603957567924,-1.6936914279201112,6.893030204138856,3.2694648234755483,2.905697990654028,51.44515517932059,5.323125,186.029609375,219.3941015625,6.7579947916666665,182.52278645833334,215.09971354166666,3.8882552083333333,189.53643229166667,223.68848958333334,-0.41209172893271473,-1.2636683801116355,3.2705545052707623,-1.528303570170387,1.265366243741223,10.450065576730289,15.168450520833334,167.04549479166667,153.6410546875,12.6409375,162.70419270833332,151.08901041666667,17.695963541666668,171.386796875,156.19309895833334,Y
-0.8366029067433306,-0.21560025476953365,7.905858209900944,-1.273241036258698,-1.210815569760085,68.81250300608336,4.12953125,98.20369791666667,175.94256510416668,4.2159375,104.08236979166666,198.05223958333335,4.043125,92.32502604166666,153.832890625,-0.09228772009485525,-0.21261267797601466,5.940224973118697,-1.8227562623717446,-1.507462852319944,43.72216323966807,5.468463541666667,120.629296875,131.59139322916667,6.514635416666667,127.57208333333334,144.20354166666667,4.422291666666666,113.68651041666666,118.97924479166667,Y
-1.1139495439379723,0.4927239948663399,8.336939841132926,-0.7262417508859698,-0.3900021596666363,75.37181335583377,4.476731770833333,77.59630208333333,188.12984375,4.8377083333333335,72.85380208333333,200.00515625,4.115755208333334,82.33880208333333,176.25453125,-1.075322322273122,0.008839312729636761,10.368126793161583,-0.8178104025720598,-1.1752966182224953,132.45985599139001,3.3456380208333334,102.6108203125,186.53979166666667,3.26140625,85.358359375,182.44544270833333,3.4298697916666665,119.86328125,190.634140625,Y
-0.989430452957862,-0.052420389967655176,6.807840641970497,-0.9875658913791905,-1.0916705502624773,51.237097819601495,5.855598958333333,96.95436197916666,182.71018229166665,6.623151041666667,97.60778645833334,176.33932291666667,5.088046875,96.3009375,189.08104166666666,-0.5181567110339172,-0.6841512595600248,7.271042534111583,-1.5160194047935136,-0.9912965833437521,65.0540687398038,5.128645833333334,140.90953125,157.30484375,6.337838541666667,140.20411458333334,149.30171875,3.919453125,141.61494791666667,165.30796875,Y
-0.8788744573322933,-1.4348432075673598,10.72164173302163,-0.6477550634046652,1.2897913167436101,141.4338606560481,3.1140755208333335,179.20578125,179.84803385416666,3.0461197916666665,183.265234375,197.72653645833333,3.18203125,175.146328125,161.96953125,-0.1524956819674664,-0.9512549858991456,3.7656229483457526,-1.7335798723653097,0.4205558734097923,15.100333107041951,12.1737109375,155.96614583333334,138.679453125,7.430833333333333,157.81549479166668,156.892109375,16.916588541666666,154.116796875,120.466796875,Y
-1.6900540323381497,-0.649750755295933,8.125846943891434,0.9124649972593599,-0.7645071613215348,72.57118594533775,4.145755208333333,139.5660546875,208.5059765625,3.8230208333333335,150.0884375,223.23442708333334,4.468489583333334,129.043671875,193.77752604166668,-1.4758213987175017,-0.589226032222641,8.132716649242717,0.30860676021607736,-0.9318355407091952,75.4927060020765,4.8849609375,142.242421875,200.62010416666666,4.239921875,157.75981770833334,220.85106770833335,5.53,126.72502604166667,180.389140625,Y
-1.430714863911668,-0.44292018376576553,8.269969346652697,0.10470841211932713,-1.0585746049163332,75.80089225843139,3.9148046875,130.62692708333333,200.14674479166666,3.9922916666666666,115.607890625,187.742265625,3.8373177083333334,145.64596354166667,212.55122395833334,-1.392613998691857,-0.35838782404285324,7.788327308539523,0.0029825683158679617,-1.2621190095965709,65.90794077574073,4.446953125,129.79252604166666,198.7841796875,4.54625,109.984140625,186.7434375,4.34765625,149.60091145833334,210.824921875,Y
-0.8202723156104696,-0.25439602015772483,7.226088176838184,-1.2902853857957934,-1.4238983597240389,58.443883648862574,4.065703125,117.10255208333334,175.0358984375,3.3188020833333334,103.88166666666666,156.66322916666667,4.812604166666667,130.3234375,193.40856770833332,-0.9082763043626837,-0.3029671607475679,7.966970629846845,-1.1125467293573783,-1.41749400788485,74.44423390552902,3.9974609375,127.95860677083333,178.38216145833334,3.8916927083333333,120.08434895833334,165.21846354166667,4.103229166666667,135.83286458333333,191.545859375,Y
-1.2761083930618142,-0.46431897759841734,8.999045547154408,-0.3421769550043696,-0.8610547035753484,92.07776959970377,3.440221354166667,112.7132421875,195.19266927083333,3.5201822916666665,123.44776041666667,207.83328125,3.3602604166666667,101.97872395833333,182.55205729166667,-1.17896383761479,-0.4503505104713106,9.935457413592642,-0.551681550324655,-0.9803922449651647,123.83370307249557,2.7145182291666665,126.629296875,190.84673177083334,2.617317708333333,120.28575520833333,188.32828125,2.81171875,132.97283854166668,193.36518229166666,Y
-1.2413843051610858,-0.5083392617241868,7.088184264395936,-0.3925381126612235,-0.9580881570153466,54.069408807490774,5.62640625,130.89229166666667,193.38954427083334,5.515286458333334,135.17143229166666,189.113671875,5.7375260416666665,126.61315104166667,197.66541666666666,0.5607912207755749,-0.9287634228119429,3.4323628725114914,-1.2697824797493826,-0.19480898803312918,12.575001360261677,16.385299479166665,146.94802083333335,93.58069010416666,14.8321875,151.00817708333332,101.922890625,17.938411458333334,142.88786458333334,85.23848958333333,Y
-0.536219630808927,0.3046016247516293,5.779610321844985,-1.6931438731307291,-1.180685040858178,34.1410147113583,6.755833333333333,89.1119921875,160.11247395833334,7.224635416666667,99.72432291666667,186.85247395833332,6.28703125,78.49966145833334,133.37247395833333,-0.667941737139304,0.00673812589080681,6.3052312830778785,-1.5346996975959593,-1.4671582811466972,40.979355995939336,6.361653645833333,98.9112109375,167.12587239583334,7.369114583333333,105.345078125,179.32171875,5.354192708333334,92.47734375,154.93002604166668,Y
-1.4588219060349312,-0.41401346152013097,8.132153394918522,0.1683506365166405,-0.6442704914815764,73.50392361915442,4.180794270833333,107.01548177083333,201.93,4.506588541666667,114.26177083333333,212.76799479166667,3.855,99.76919270833334,191.09200520833335,-1.253150767062209,-0.5319551672893157,7.914453048508863,-0.3255510277159419,-1.0009493626552672,69.81575398274461,4.468958333333333,141.1371484375,193.40622395833333,3.945546875,139.54768229166666,183.22783854166667,4.9923697916666665,142.72661458333334,203.584609375,Y
-0.6202322195117294,-0.2024171667479737,8.16382897291411,-1.545180617013798,-1.5264483185844802,74.64129280647691,4.677682291666667,116.63975260416667,163.35634114583334,4.651692708333333,118.03200520833333,158.43981770833332,4.703671875,115.2475,168.27286458333333,-0.4156280996954124,-0.22709873650090132,8.288179575739417,-1.6899103923301353,-1.6330989952749941,81.12387231119519,4.363177083333333,124.4946484375,148.92401041666668,4.521119791666667,135.30401041666667,174.548671875,4.205234375,113.68528645833334,123.29934895833334,Y
-1.3264267794377491,-0.28770846901237246,5.7819420132920945,-0.1990338242408458,-1.0109611071434028,33.68414475171226,7.639661458333333,119.01669270833334,197.01265625,7.45640625,130.451796875,210.42041666666665,7.822916666666667,107.58158854166666,183.60489583333333,-0.3770140988219884,-0.38589374813851735,4.405185911002075,-1.7088243013341444,-1.247300261147436,21.06436135628311,11.3451953125,130.1697265625,150.0553515625,14.315520833333334,139.82197916666667,153.67010416666668,8.374869791666667,120.51747395833333,146.44059895833334,Y
-1.7740386883777655,-0.6247521076223912,6.587001670436391,1.2497026137445166,-0.7722114844636025,45.71926265362457,5.762630208333333,146.0180859375,210.60282552083333,6.382265625,145.48528645833332,208.17713541666666,5.142994791666666,146.55088541666666,213.028515625,-1.1151284014034595,-1.0619622129089668,5.898696593605841,-0.35766123813226036,0.0397889258678803,36.957719436343865,6.57609375,165.79572916666666,186.6980859375,8.277239583333333,172.596875,188.97606770833335,4.874947916666667,158.99458333333334,184.42010416666668,Y
-1.9315219260240852,-0.7695056756084306,12.267220075044584,1.964144379515882,-0.2690581002273391,172.24142767886303,3.0549544270833335,152.47127278645834,213.79010091145832,2.5547135416666666,152.83130859375,207.89481119791665,3.5551953125,152.11123697916668,219.685390625,-1.289568928581917,-1.620223252242509,10.090205934114493,0.22236913804888303,1.7619888476677863,131.0285970885981,2.581956380208333,182.624970703125,193.58383463541668,1.9428255208333334,192.81514322916667,208.62987630208335,3.2210872395833334,172.43479817708334,178.53779296875,N
-0.431523512783953,-1.0390353376261692,7.850616540066548,-1.4145891216644468,0.9491756706138066,73.09844635178706,5.6214388020833335,166.84063802083332,156.27488932291666,4.89625,167.88705729166668,161.92835286458333,6.346627604166667,165.79421875,150.62142578125,0.2833471438313797,-0.9914696852059213,4.066673620080563,-1.63668384803423,1.5040758176420272,21.051543284651707,13.1991796875,168.44391276041668,111.04742838541667,11.53203125,165.58268880208334,106.36131510416666,14.866328125,171.30513671875,115.73354166666667,N
-1.49891046782167,-1.2238882594678118,10.553491487189058,0.8427898115649497,0.3957913065765095,120.83542527148228,3.195009765625,173.64073567708334,201.46944986979167,2.0044856770833333,179.45507161458335,208.01132161458332,4.385533854166667,167.82639973958334,194.927578125,-0.07805541146076284,-1.2185523176174906,6.328887824591055,-1.5051927198733104,0.8287382926465217,50.20093634177751,5.220107421875,167.42539388020833,131.22922200520833,4.70640625,167.6675390625,131.2137890625,5.73380859375,167.18324869791667,131.24465494791667,N
-1.0015212887988607,-0.644517637287697,9.884698819803258,-0.7328033544204504,-1.0259394416068417,105.54027434896494,4.097239583333334,149.84253580729165,180.99978841145833,4.648033854166667,152.03542317708335,182.79998046875,3.5464453125,147.6496484375,179.19959635416666,0.30683805128968167,-1.0211237205608648,2.969781352870746,-1.613806522601253,0.04710622085673233,8.434858949332837,14.940328776041667,155.70495768229168,107.653837890625,16.14421875,149.49875651041665,103.90813151041667,13.736438802083333,161.91115885416667,111.39954427083333,N
-1.3257716141219082,-0.34458812859175736,13.170264871565003,-0.21261136482071485,-1.0438415525122338,207.61025032356306,1.71982421875,119.05564778645834,197.14869791666666,1.5897526041666667,122.8601953125,212.80618489583333,1.8498958333333333,115.25110026041666,181.4912109375,-1.094668575294477,0.11426534102859995,13.864130246009184,-0.7783894792549781,-1.1416896092061362,217.1617385451903,2.1938541666666667,97.82551106770833,187.80776692708332,1.7684505208333334,80.05444661458333,153.63661458333334,2.6192578125,115.59657552083333,221.97891927083333,N
-1.1707283132194217,-1.870217831347096,13.632876158703377,0.16844764661940959,2.471383326134851,224.94417408482127,2.1319205729166666,192.97746419270834,185.54802408854167,2.1937109375,193.57189453125,187.85904296875,2.0701302083333335,192.38303385416665,183.23700520833333,-0.6704429803363411,-1.3950760546384495,13.55048174150545,-0.9802380028812574,1.3222895889919544,214.65734401508516,2.9309993489583333,177.63226888020833,171.0653515625,2.537278645833333,176.05929036458335,172.51543619791667,3.3247200520833333,179.20524739583334,169.61526692708333,N
-1.6983184411438177,-0.5229369705049748,14.42202151991726,0.9419856037181296,-0.9091328757472112,244.29031100808675,1.66166015625,139.68496744791668,208.70803059895835,1.6031966145833334,138.01232421875,208.98389322916665,1.7201236979166667,141.35761067708333,208.43216796875,-1.2032427946621906,-0.674251118913307,13.222141221200127,-0.2187903869344976,-0.9501827024363192,203.35775782691982,2.0927408854166667,149.43223958333334,188.40046223958333,2.0601822916666666,147.60740885416666,187.60830729166668,2.125299479166667,151.2570703125,189.1926171875,N
-1.6821711702980044,0.15287151506640567,8.662098743798799,0.8632002928493709,-0.24180377983310297,78.48914368499963,4.0148697916666665,93.71217447916666,208.76111979166666,3.4468880208333332,100.40330729166666,209.13040364583333,4.5828515625,87.02104166666666,208.3918359375,-1.6160156425602035,-0.6819326129006935,11.378212802848193,0.668143254641016,-0.2887545355088079,144.17772938734646,2.528203125,129.89276692708333,206.71370442708334,2.2395703125,142.67885416666667,218.549765625,2.8168359375,117.1066796875,194.87764322916667,N
-1.1082632105974608,0.19103586125341346,9.351311887775934,-0.7495587193907096,-0.856865617894301,93.72696179913753,2.97716796875,92.96160481770833,188.68161783854165,2.51619140625,91.89710286458333,200.08162760416667,3.43814453125,94.02610677083334,177.28160807291667,-0.9026220920246159,-0.5828311281910249,11.872640448506905,-1.0464554175220162,-1.074998837164034,173.82403773603673,2.7577604166666667,141.13472981770835,178.08510091145834,3.2689518229166667,133.15169270833334,176.1288671875,2.2465690104166667,149.11776692708332,180.04133463541666,N
-1.8470086651247808,-0.34230944850040707,9.93476994710801,1.6490622404505482,-1.0015158722296127,103.53762154573262,3.779313151041667,135.89716471354166,211.28314453125,4.9616927083333335,139.24569661458332,217.62763671875,2.59693359375,132.5486328125,204.93865234375,0.00392102720611704,-1.0670537414287795,3.144412721257261,-1.6237087738067972,0.1499585508790804,9.89015811630268,11.149645182291666,161.21261067708335,123.98148111979167,11.983248697916666,162.94586588541668,123.27674479166667,10.316041666666667,159.47935546875,124.68621744791666,N
-1.6821711702980044,0.15287151506640567,8.662098743798799,0.8632002928493709,-0.24180377983310297,78.48914368499963,4.0148697916666665,93.71217447916666,208.76111979166666,3.4468880208333332,100.40330729166666,209.13040364583333,4.5828515625,87.02104166666666,208.3918359375,-1.6160156425602035,-0.6819326129006935,11.378212802848193,0.668143254641016,-0.2887545355088079,144.17772938734646,2.528203125,129.89276692708333,206.71370442708334,2.2395703125,142.67885416666667,218.549765625,2.8168359375,117.1066796875,194.87764322916667,N
-1.1082632105974608,0.19103586125341346,9.351311887775934,-0.7495587193907096,-0.856865617894301,93.72696179913753,2.97716796875,92.96160481770833,188.68161783854165,2.51619140625,91.89710286458333,200.08162760416667,3.43814453125,94.02610677083334,177.28160807291667,-0.9026220920246159,-0.5828311281910249,11.872640448506905,-1.0464554175220162,-1.074998837164034,173.82403773603673,2.7577604166666667,141.13472981770835,178.08510091145834,3.2689518229166667,133.15169270833334,176.1288671875,2.2465690104166667,149.11776692708332,180.04133463541666,N
-1.8470086651247808,-0.34230944850040707,9.93476994710801,1.6490622404505482,-1.0015158722296127,103.53762154573262,3.779313151041667,135.89716471354166,211.28314453125,4.9616927083333335,139.24569661458332,217.62763671875,2.59693359375,132.5486328125,204.93865234375,0.00392102720611704,-1.0670537414287795,3.144412721257261,-1.6237087738067972,0.1499585508790804,9.89015811630268,11.149645182291666,161.21261067708335,123.98148111979167,11.983248697916666,162.94586588541668,123.27674479166667,10.316041666666667,159.47935546875,124.68621744791666,N
-1.8675908212280798,-1.3375410346449084,14.028644571379544,1.9644897129322603,0.7407212603135362,235.4671917748671,1.8975325520833333,178.736064453125,210.93771484375,1.9573763020833332,179.97741536458332,214.19651692708334,1.8376888020833333,177.49471354166667,207.67891276041667,0.04417821984116999,-1.1304141143169455,4.691918028684031,-1.5718670950163693,0.07090448944774597,24.800835521993836,7.262386067708333,160.39797200520835,124.345458984375,5.1025,160.69897786458333,129.766796875,9.422272135416666,160.09696614583333,118.92412109375,N
-0.03177839253909324,-0.9699815927401408,4.736092608306554,-1.5583716019867417,-0.3772733692172734,26.181492610926625,6.994576822916667,154.51232747395832,124.571083984375,6.16712890625,159.67598958333335,134.4913671875,7.822024739583333,149.34866536458333,114.65080078125,0.4855444437439028,-0.9195055969144295,2.230473797203928,-1.4284687298741745,-0.32596469626173974,4.030789897145225,22.600576171875,146.307607421875,96.67009440104167,19.991686197916668,151.98455078125,109.91537760416666,25.209466145833332,140.6306640625,83.42481119791667,N
-0.9240880013259846,-0.42269694044813694,10.097345600338155,-1.0975854442264772,-1.3163934139534064,144.56951210694112,1.2864029947916666,130.56593424479166,179.43279296875,1.2660872395833334,128.52064453125,177.8821875,1.30671875,132.61122395833334,180.9833984375,-0.25570101944440143,-1.151402521613877,6.411291328055421,-1.4666732642298212,0.06126653643720692,45.6802287913158,3.3034635416666664,165.27381184895833,140.20101888020832,4.303919270833333,167.75032552083334,138.12287760416666,2.3030078125,162.79729817708332,142.27916015625,N
-2.158289869804089,-0.6191560389115809,7.463517154877101,2.7048306010468925,-0.7059579787203014,56.08064999096208,5.26224609375,132.649580078125,220.17897135416666,3.3640169270833336,136.10878255208334,226.63928385416668,7.160475260416667,129.19037760416666,213.71865885416668,-2.5023656074814826,-0.6422522270282344,9.427728255453472,4.383280469345179,-0.66161969707824,91.58736882717497,3.746875,152.14578450520833,225.44287434895833,1.7512630208333333,155.65734375,231.55602864583332,5.742486979166666,148.63422526041666,219.32972005208333,N
-2.16202709439432,-0.5230981557677082,11.374911108886398,2.750483365328807,-0.579686739368042,139.77813211660535,2.6953515625,133.32210611979167,220.24940104166666,2.15408203125,135.04337890625,223.51600260416666,3.23662109375,131.60083333333333,216.98279947916666,-2.210089361619962,-0.44484265059261074,6.956778034946987,2.978537331326592,-0.6944884849482627,48.6978053128046,5.781845703125,137.47534830729165,220.983857421875,2.967565104166667,134.30412760416667,219.8598046875,8.596126302083333,140.64656901041667,222.10791015625,N
-0.5789279862369693,-1.0059105517692617,7.938850197326175,-1.2514966715758205,-0.161613784092137,78.12678312611288,3.95994140625,161.83494466145834,162.138916015625,3.96685546875,162.89514322916668,160.79444010416665,3.95302734375,160.77474609375,163.48339192708335,-0.385640921544562,-1.0643656691262215,6.584208260999532,-1.459284312040971,0.11070081267006815,56.04194276854532,4.497975260416666,163.47682942708335,151.19919270833333,4.482578125,159.10817708333335,149.36143229166666,4.513372395833334,167.84548177083335,153.036953125,N
-1.2263564740332922,-1.3557431449588528,12.269696405521376,0.0022619471417386627,0.5657529151610117,178.47944111532362,2.492509765625,182.437734375,188.56948567708332,2.3984700520833333,177.26354817708332,188.89789713541666,2.5865494791666666,187.61192057291666,188.24107421875,-0.23635577620115955,-1.2721591010931894,5.03571071567789,-1.5408326611779797,0.8584388728388452,29.71111977823749,6.118678385416667,169.70691731770833,143.297158203125,5.7131640625,172.83684244791667,156.73161458333334,6.5241927083333335,166.5769921875,129.86270182291668,N
-0.9939649236762945,-0.8901348071458841,14.09196777408772,-0.6817963801123335,-0.657075781308158,246.52491486351903,1.6885091145833333,160.062021484375,180.75962565104166,1.670078125,167.64119791666667,186.3103515625,1.7069401041666667,152.48284505208332,175.20889973958333,-0.31357588587272794,-0.7540148337639333,6.704737616795111,-1.6236382039164872,-0.8434561010208594,59.03794973665649,4.856412760416666,147.36283528645833,146.194443359375,6.60591796875,155.24164713541666,154.92848307291666,3.1069075520833334,139.4840234375,137.46040364583334,N
0.07646769821501798,-0.4104118262129863,6.623562302677711,-1.7660243101263475,-1.5554119480865083,54.24586277748641,5.211162109375,134.63332356770835,117.14398111979166,3.5556315104166667,126.19432291666666,109.85266276041666,6.866692708333333,143.07232421875,124.43529947916667,1.2467814447483525,-0.3712616239439488,2.416720964743407,-0.027781751508319186,-1.402724509813692,5.326089212104453,21.511370442708333,120.60549153645833,58.42239583333333,11.864954427083333,117.018984375,61.69484375,31.157786458333334,124.19199869791667,55.14994791666667,N
-1.6050300317132409,-0.5714961873389742,11.523067630716135,0.7056389677340733,-1.0698350087075827,142.00474375810208,2.8791569010416667,145.32290364583332,204.36672200520835,3.445052083333333,150.30488932291667,208.4769921875,2.31326171875,140.34091796875,200.25645182291666,-1.3564860899100009,-0.8888016583951289,13.936177388394679,0.23380286150891783,-0.6241286204082601,238.5652042647711,1.8323893229166666,161.703447265625,193.51725260416666,1.9403385416666667,168.93469401041668,200.13587890625,1.7244401041666666,154.47220052083333,186.89862630208333,N
-1.0818147006823484,-0.645196618956313,13.430160246101584,-0.5521546053523654,-1.1284466948804455,222.6171730036581,2.1713020833333334,149.51019856770833,184.637529296875,2.0843880208333334,157.56784505208333,189.67563151041668,2.2582161458333334,141.45255208333333,179.59942708333332,-1.3262733787297352,-0.3604417778521844,10.402298633095544,-0.08964532679294113,-1.119080092570111,116.7203548109245,3.3558984375,132.78691080729166,196.008447265625,3.3373828125,132.10143880208332,190.04863932291667,3.3744140625,133.4723828125,201.96825520833335,N
0.6317174308953634,-0.9919491999830723,3.5968032416344156,-1.3461228305536388,1.2622733429450177,16.153420205749462,15.259814453125,152.59172200520834,91.44866861979166,14.135182291666666,151.29291015625,85.47625651041666,16.384446614583332,153.89053385416668,97.42108072916666,1.5117432650450655,-1.4617672164877837,0.8418311228600666,0.8917634959991845,1.8694588092787638,-0.7514326052136644,68.33284505208333,169.81983072916665,50.67900390625,60.679889322916665,157.61744791666666,45.800143229166665,75.98580078125,182.02221354166667,55.557864583333334,N
-0.8683851515381904,-1.2986877636769114,4.467149378195454,-1.0343909735461716,0.8114142458960947,21.430813868956633,8.992291666666667,173.04294921875,176.46332356770833,10.899264322916666,177.01716145833333,179.84129557291666,7.085319010416667,169.06873697916666,173.0853515625,-0.4096611114693029,-1.3300254964895613,3.1204362209092324,-1.479147935786005,0.9021104109270017,9.227225377436353,12.338528645833334,174.58397786458335,148.59210286458332,13.225611979166667,173.24645182291667,146.25747395833332,11.4514453125,175.92150390625,150.92673177083333,N
-2.0424183759560495,-0.8520611731891333,15.038938392511236,2.4904551594387137,-0.4661277440628515,270.08142834345296,1.992900390625,158.80964192708333,215.92891276041667,1.83171875,153.07865234375,210.02499348958332,2.15408203125,164.54063151041666,221.83283203125,-2.0066645274524793,-0.9020333963265501,12.487226639007565,2.4970347820563292,-0.3898151670330172,171.66268484292826,2.626878255208333,164.39126953125,214.72211588541666,3.1620442708333334,158.81120442708334,211.726328125,2.0917122395833334,169.97133463541667,217.71790364583333,N
-1.4511099367140232,-0.603442422129572,14.350245851345084,0.19050207222832727,-0.9885352467987643,250.87876482217933,1.5849869791666666,143.877783203125,200.59168294270833,1.548125,150.72185546875,210.55457682291666,1.6218489583333333,137.0337109375,190.6287890625,-1.3735917835375644,-0.7944601687350503,14.111607514615338,0.21802302129330764,-0.6092541402202003,249.76429542691557,1.7007063802083333,156.8684375,196.35990559895833,1.6485872395833334,164.26949869791667,200.55546223958333,1.7528255208333334,149.46737630208332,192.16434895833333,N
-0.5249121511901458,-1.291375756977277,5.57354449192826,-1.4141982821565,0.5845604446854789,33.6168292831966,6.612626953125,174.22324869791666,158.0330078125,8.589837239583334,174.826875,154.50279947916667,4.635416666666667,173.61962239583335,161.56321614583334,-0.45329067060350203,-1.1928012006634994,4.317373338214288,-1.5060241059944472,0.4646633075806412,19.55467973826068,10.107887369791667,169.44133138020834,155.02636067708335,13.842317708333333,167.13710286458334,138.53702473958333,6.37345703125,171.74555989583334,171.51569661458333,N
-1.687143726833996,-0.7502787473048455,14.515686208989598,0.9094221479137623,-0.518178773569121,261.3723742289771,1.5673111979166667,142.67254231770832,208.21256510416666,1.5801041666666666,135.983515625,206.58360026041666,1.5545182291666666,149.36156901041667,209.84152994791665,-1.0508707023159771,-0.9647325489964149,15.366641886254065,-0.48911216369380517,-0.49197213058791567,304.18490347337456,1.9164811197916667,162.14335611979166,183.19908854166667,2.009576822916667,160.31799479166668,184.24645182291667,1.8233854166666668,163.96871744791667,182.15172526041667,N
-1.4361765371701405,-0.5330833956521679,11.863335555369785,0.311317511438038,-1.2592837395249221,153.83927795579712,2.665234375,148.816357421875,197.952568359375,2.1426822916666666,148.9337890625,199.7478125,3.1877864583333335,148.69892578125,196.15732421875,-1.0696991112178524,-0.5122952054107931,9.546450603171149,-0.41475414689998136,-1.2568996451341898,94.71453927694029,3.8784440104166666,145.029951171875,182.81151692708335,3.717545572916667,139.49752604166667,173.91172526041666,4.039342447916667,150.56237630208332,191.71130859375,N
-0.9068871508236915,-0.7361211252299196,10.675410559473354,-1.0399131470240939,-1.0296219967311926,130.07579754645698,2.5715397135416667,147.646611328125,177.49484375,2.3381119791666665,151.41940104166667,182.54631510416667,2.804967447916667,143.87382161458333,172.44337239583334,0.17125192992835866,-0.760766807133174,6.680499295465315,-1.5776938387493809,-0.8901485033435077,57.815122510091676,4.346555989583333,146.11337890625,115.09888671875,3.85193359375,145.25125,111.10705729166666,4.841178385416667,146.9755078125,119.09071614583333,N
-0.7096243521540193,-1.233508507014463,10.215949783600745,-1.0590423506982287,0.1446040440020644,116.98271783283616,3.1822721354166665,172.14752278645832,165.700419921875,3.451510416666667,180.150859375,169.5225390625,2.9130338541666667,164.14418619791667,161.87830078125,1.0741555831033014,-1.012219125648904,1.4704609913548532,-0.5469021845940047,-0.17954887321274615,1.190658090144539,43.521969401041666,149.20907877604168,66.41859375,34.57248046875,150.73685546875,72.53617838541666,52.47145833333333,147.68130208333332,60.30100911458333,N
-2.3218295942124945,-0.17575058932438656,13.458523748164053,3.4324746140437394,-0.6786209599315853,205.4767306993633,1.9305143229166666,123.70436197916666,223.271083984375,1.96283203125,122.23069010416667,223.07223958333333,1.8981966145833333,125.17803385416667,223.46992838541667,-2.581122878701533,0.2741529628580167,7.956473420216262,4.745056685774541,-0.8651873637973333,63.98825899046652,4.897470703125,101.59470377604167,227.0906640625,3.3256184895833334,101.17823567708334,217.28768880208332,6.469322916666667,102.011171875,236.89363932291667,N
-0.8461891577603162,-1.178937547314847,15.287422828193264,-0.7036589695522588,0.03765415210896306,279.86041329109855,2.319352213541667,170.457373046875,173.65521158854168,2.584283854166667,169.56498697916666,173.85975260416666,2.0544205729166665,171.34975911458332,173.45067057291666,-0.025326497311764933,-1.0073956090238554,3.988599925429863,-1.7347512454835559,0.08212563840857356,19.04354929463188,10.935120442708333,158.49082682291666,128.37563151041667,9.737845052083333,156.3075,137.91706380208333,12.132395833333334,160.67415364583334,118.83419921875,N
0.0026308767120955196,-1.1811211571230917,7.772641786599055,-1.5154354179972689,0.5412810118373064,83.12901254793569,3.5747526041666666,161.90106119791668,129.84424479166665,3.23216796875,162.84639322916667,137.33453125,3.9173372395833335,160.95572916666666,122.35395833333334,0.8550825014405069,-0.9895914029747575,2.146527238389508,-0.88970693177014,0.037552121686005524,3.97672060147009,19.501666666666665,146.24104166666666,77.28359049479167,14.7220703125,147.1785546875,84.91007161458333,24.281263020833332,145.30352864583332,69.657109375,N
-1.1089229242214176,-0.19823754534282054,11.374021048881284,-0.7440895640607943,-1.0560077383155515,141.81635334496872,2.8221744791666667,105.13408854166667,188.51835286458333,3.658984375,95.62718098958334,174.85257161458333,1.9853645833333333,114.64099609375,202.18413411458334,-1.290762897652519,-0.975582107036977,13.537043300958407,-0.1451773561061218,-0.58874203678725,225.895586172723,1.8652897135416666,163.94179361979167,192.615439453125,1.9310807291666667,155.52366536458334,182.34224609375,1.7994986979166667,172.359921875,202.8886328125,N
-1.4963634748175032,-1.1284405926578536,12.583525327033417,0.6002231962349063,0.13903739758431843,185.73832838088325,2.128248697916667,167.86355143229167,200.997470703125,2.0893619791666667,156.06651692708334,195.13193359375,2.1671354166666665,179.6605859375,206.8630078125,-0.4193504038977787,-0.7967486325411758,5.466733242710901,-1.5127191705823777,-0.5691699863395767,36.36753098918584,7.372272135416667,150.50395182291666,152.63437825520833,6.23515625,144.52705729166667,153.2584765625,8.509388020833333,156.48084635416666,152.01027994791667,N
-1.616217038972838,-0.714851555819112,13.139286894766117,0.6411092695231004,-0.7621958130109543,195.96425021766376,1.8496451822916666,142.30840494791667,206.81751953125,1.7025846354166667,142.35919921875,211.89321614583332,1.9967057291666668,142.25761067708333,201.74182291666668,-1.383231230894335,-0.8578535429545082,12.524837327860773,0.0904362204368887,-0.7183320618983382,178.30756067943923,2.022587890625,159.30677734375,196.02363606770834,1.8022265625,157.93239583333335,192.25958984375,2.24294921875,160.68115885416665,199.78768229166667,N
-0.9991705758854184,-0.3537022374489129,9.348105044585049,-0.9014966505748059,-1.3307707359971623,97.83115869945617,2.9239453125,133.90710286458332,181.84668619791665,2.803828125,137.77018880208334,180.48616536458334,3.0440625,130.04401692708333,183.20720703125,0.13892877604821943,-0.5404364260631275,3.8320766631736425,-1.771891417067519,-1.2841590281119188,16.593259936166664,10.3444921875,138.25665364583332,114.85958333333333,11.2793359375,126.99428385416667,101.91231119791667,9.4096484375,149.5190234375,127.80685546875,N
-1.8957417119195343,-0.7662106377209958,11.25349428327455,1.7724198490643293,-0.5353876786778637,141.43685153821576,2.4052115885416665,155.45134765625,212.69451822916668,2.104173177083333,152.07296223958335,205.26518880208334,2.70625,158.82973307291667,220.12384765625,-0.6815030938357515,-1.3114367623260657,12.257247278463192,-1.0254585976264317,0.4208451955213861,186.00835728276422,2.5212434895833336,173.20039713541667,166.48674479166667,2.3093033854166665,180.684765625,170.89378255208334,2.73318359375,165.71602864583335,162.07970703125,N
-1.625975012163403,-0.6734854849739594,13.695309879493568,0.8690795936765041,-0.5889647970195373,221.20112419485557,1.90080078125,140.094052734375,206.34377278645835,1.8661979166666667,131.79783203125,194.81983072916665,1.9354036458333332,148.3902734375,217.86771484375,-0.1967487342905912,-0.7162944029457763,4.621854390173023,-1.7239248890824526,-1.0569821647342041,22.874632608007747,5.733372395833333,147.85152994791667,138.03537760416665,6.296171875,162.94156901041666,151.95805338541666,5.170572916666667,132.76149088541666,124.11270182291666,N
-2.0195725426902027,-0.6259789935048011,14.968296886215564,2.1331324176406916,-0.49683303044920946,273.4230447632356,1.7510872395833332,139.28555989583333,216.774169921875,1.7544140625,139.53903645833333,216.46327473958334,1.7477604166666667,139.03208333333333,217.08506510416666,-0.5416099576368504,-1.098755023487884,8.808526086829952,-1.313662079232603,-0.13482085792541731,101.36297241722276,3.063756510416667,164.60183919270833,158.04532552083333,2.9297135416666666,159.69720703125,152.233671875,3.1977994791666666,169.50647135416668,163.85697916666666,N
-3.0169689170577807,-0.6405982529590902,8.946384438318645,7.184604328027614,-0.03779127719142483,81.54198496468987,4.094934895833333,122.920927734375,232.883232421875,3.4550651041666667,119.96492838541667,227.62733072916666,4.7348046875,125.87692708333333,238.13913411458333,-3.0045094338987246,-0.9459498020935073,14.72778213122352,7.247735157481879,0.17335104369817778,250.39062189227278,2.0194596354166667,168.409833984375,231.39361328125,1.8230794270833333,175.67736328125,233.43325520833332,2.21583984375,161.1423046875,229.35397135416667,N
-1.155271592161785,-0.7451714277398597,14.657645578908939,-0.4975872403906032,-0.6428113972971397,259.32504595876856,2.1969791666666665,145.91768880208335,191.03366536458333,2.6269661458333333,149.04981119791665,192.20313802083334,1.7669921875,142.78556640625,189.86419270833332,-0.2089771934611592,-0.8839361900782965,5.4907505098774045,-1.6691372062501806,-0.38447533210340623,38.95871193735098,6.737473958333333,152.99474934895832,140.556494140625,6.959140625,154.784140625,147.52369791666666,6.5158072916666665,151.20535807291665,133.58929036458332,N
-1.2554657612774607,-0.20669461622421098,7.49077988926521,-0.40551631775099306,-1.2664639878338415,57.308844910016724,4.891555989583333,113.16818033854166,194.763798828125,3.9562174479166665,112.1612109375,184.75138020833333,5.82689453125,114.17514973958333,204.77621744791668,-0.760580713725887,-0.580489571861233,9.53994524295622,-1.285263725308854,-1.3042111217929961,97.36633523983255,3.100234375,145.05319986979165,169.53595052083332,2.9226106770833336,147.88966796875,171.45511067708333,3.2778580729166666,142.21673177083332,167.61679036458332,N
-1.2628974763396483,-1.1720599687014728,11.47305015680849,-0.06742923907293408,0.19470565205572532,159.7519174649938,2.2716861979166665,167.826328125,193.18892903645835,2.27609375,171.29842447916667,198.03274739583333,2.267278645833333,164.35423177083334,188.34511067708334,-0.9895451920074927,-1.01532669790764,8.480047851406427,-0.6797139992333472,-0.04194913207843953,87.04193225851252,3.3405891927083333,161.8884375,182.58886393229167,3.1788216145833332,164.88343098958333,193.8671875,3.5023567708333334,158.89344401041666,171.31054036458335,N
-1.098009665493188,-0.6442471098342,9.174341719749684,-0.5208548221293317,-1.0049912004202226,88.43667851995184,3.7248079427083334,150.052236328125,185.20183268229167,3.902532552083333,135.14610026041666,176.07237630208334,3.547083333333333,164.95837239583332,194.3312890625,0.4173312881151722,-0.8984232427753875,3.6289842376086088,-1.502660625597935,-0.2915874073960114,15.928788357070342,11.045572916666666,147.009892578125,101.56736979166666,9.40359375,154.69037109375,122.27005859375,12.687552083333333,139.3294140625,80.86468098958333,N
-1.659187419764723,-1.3701830098829817,15.66015377830687,1.2292264673996618,0.8723120924709251,303.81584023794363,2.120771484375,174.15835286458332,207.12818684895834,2.240572916666667,171.84151041666667,204.58631510416666,2.0009700520833333,176.4751953125,209.67005859375,-0.5779388564455238,-1.370152677676349,7.7296676454719435,-1.238574062515414,1.1045550498067573,86.34949301765779,4.221103515625,174.45830403645834,161.47201822916668,3.773606770833333,173.04169270833333,156.10990885416666,4.6686002604166665,175.87491536458333,166.83412760416667,N
-0.0491907043859459,-1.2446721877034557,4.03593648343622,-1.5158772497746427,0.5659165626610809,16.73219104774102,8.742132161458333,164.73668294270834,127.11005208333333,5.457024739583333,171.11125651041667,145.02171875,12.027239583333333,158.362109375,109.19838541666667,-0.16547766649624826,-0.9166861495564055,4.819416080968651,-1.6365453788575657,-0.5242746114146688,26.579140075670733,7.122294921875,154.18303385416667,135.11697265625,4.615065104166667,158.34239583333334,149.31422526041666,9.629524739583333,150.023671875,120.91972005208333,N
-1.730205398378776,-1.1937106823932744,12.46063023042403,1.309701517173579,0.43863384757619617,191.99891673750878,2.1644075520833335,170.631875,208.11959635416667,2.0904752604166665,161.94833984375,213.68477213541667,2.23833984375,179.31541015625,202.55442057291665,-0.6197122198484719,-0.9817607362011972,8.823011810166209,-1.275607230331915,-0.28407157397740734,97.23086184501798,3.623994140625,158.28029947916667,164.22040364583333,3.1758463541666666,158.81580078125,170.84484375,4.072141927083333,157.74479817708334,157.59596354166666,N
-1.4025992100672222,-0.47284948003651517,12.715225032983685,-0.0065782137364571724,-0.7662845968544691,188.8935127434225,1.87611328125,124.03375651041667,199.95778645833335,1.8960416666666666,130.45192057291666,227.44666015625,1.8561848958333333,117.61559244791667,172.46891276041666,-0.8278947998180808,-0.7871788495824682,11.280346755897133,-1.0093525393380451,-0.7802027009266417,157.38452806735705,2.555673828125,152.93434244791666,173.4829296875,2.8028776041666665,158.67205078125,181.35753255208334,2.3084700520833334,147.19663411458333,165.60832682291667,N
-0.9266430847964241,-0.7247691224345074,8.942825787610232,-0.9409260398474704,-1.0667039716982976,85.24323127081759,3.7180696614583333,151.00284505208333,177.52980794270835,3.2272265625,157.94201171875,188.30647786458334,4.208912760416666,144.06367838541667,166.75313802083335,-0.3217802163202765,-0.8173557134529758,6.89160085542126,-1.5935796518023968,-0.7260108076118716,50.99866786943808,5.865341796875,151.43811197916668,147.13830078125,6.1503125,139.04024088541667,129.63893229166666,5.58037109375,163.83598307291666,164.63766927083333,N
-2.143901416263427,-0.5826464685254763,12.651200819776271,2.841168882690379,-0.7018600487380144,174.11969891979004,2.6456282552083334,143.77441080729167,219.01841796875,3.41794921875,147.92153645833332,217.67569010416668,1.8733072916666667,139.62728515625,220.36114583333332,-1.0728541710408335,-1.0162952839807384,11.764932831517271,-0.4936234916261446,-0.24873845569173358,162.55425364476673,2.245810546875,163.77865885416668,184.194833984375,2.293815104166667,168.13578776041666,190.7575390625,2.1978059895833333,159.42152994791667,177.63212890625,N
-0.44874062010244725,-0.8738769916580365,8.804838145295996,-1.5258816042460548,-0.8882185464052528,85.7788520524358,3.7802115885416665,159.587939453125,149.95438802083333,3.5392578125,156.15455078125,144.59940755208333,4.021165364583333,163.021328125,155.30936848958333,0.3309185841621681,-0.6739479909118312,3.560222730560865,-1.5861076980541782,-1.0277478662330808,13.422158968476065,12.810061848958334,139.68392903645832,105.98596354166666,15.087389322916666,132.75936197916667,102.99647135416667,10.532734375,146.60849609375,108.97545572916667,N
